:020000040800F2
:1000000000000220E1050008DD05000879840008F1
:10001000DD050008DD050008DD0500080000000022
:10002000000000000000000000000000DD050008E6
:10003000DD05000800000000DD050008FD83000864
:10004000DD050008DD050008DD050008DD05000808
:10005000DD050008DD050008DD050008DD050008F8
:10006000DD050008DD050008DD0500085970000801
:1000700065700008BD5D0008717000087D700008A3
:10008000C57E000889650008DD050008DD0500085B
:10009000DD050008DD050008DD050008DD050008B8
:1000A000DD050008DD050008DD050008DD050008A8
:1000B000B1360108BD360108C9360108BD65000822
:1000C000DD050008C9650008DD050008212F0108CD
:1000D0002D2F0108F97C0008257D0008597D0008B6
:1000E000DD050008DD05000800000000DD05000852
:1000F000DD050008DD050008DD050008DD05000858
:10010000DD050008DD050008D5360108392F010896
:100110008D7D0008C17D0008DD050008DD050008B3
:10012000DD050008DD0500085D2F0108912F01089D
:10013000F97E0008DD050008DD050008DD05000882
:1001400000000000000000000000000000000000AF
:10015000DD050008DD050008DD050008F57D000867
:10016000D5650008DD0500080D840008318400080D
:10017000DD05000855840008DD050008DD050008E0
:10018000DD050008DD050008297E00085D7E000809
:10019000452F0108512F0108DD050008DD05000885
:1001A000DD050008DD050008DD050008DD050008A7
:1001B000796D0008DD050008DD050008DD05000893
:1001C000DD050008DD050008DD050008DD05000887
:1001D000DD050008DD050008DD050008DD05000877
:1001E000DD050008DD050008DD050008DD05000867
:1001F000DD050008DD050008DD050008DD05000857
:10020000DD050008DD050008DD050008DD05000846
:10021000DD050008DD050008DD050008DD05000836
:10022000DD050008DD050008DD0500080000000010
:10023000DD050008DD05000800000000DD05000800
:10024000DD050008DD050008DD050008DD05000806
:10025000DD050008DD050008DD050008DD050008F6
:10026000DD050008DD050008DD050008DD050008E6
:10027000DD050008DD050008917E00080000000093
:10028000DD050008DD050008DD05000800000000B0
:0802900000000000DD0500087C
:1002980010B5054C237833B9044B13B10448AFF3B8
:1002A80000800123237010BDE0030024000000003B
:1002B800B850010808B5034B1BB103490348AFF315
:1002C800008008BD00000000E4030024B8500108C5
:1002D80053B94AB9002908BF00281CBF4FF0FF31A5
:1002E8004FF0FF3000F074B9ADF1080C6DE904CEA1
:1002F80000F006F8DDF804E0DDE9022304B07047F9
:100308002DE9F047089D04468E46002B4DD18A42C0
:10031800944669D9B2FA82F252B101FA02F3C2F1F3
:10032800200120FA01F10CFA02FC41EA030E944084
:100338004FEA1C48210CBEFBF8F61FFA8CF708FBA5
:1003480016E341EA034306FB07F199420AD91CEB7D
:10035800030306F1FF3080F01F81994240F21C81AF
:10036800023E63445B1AA4B2B3FBF8F008FB1033F7
:1003780044EA034400FB07F7A7420AD91CEB04042C
:1003880000F1FF3380F00A81A74240F207816444FC
:10039800023840EA0640E41B00261DB1D440002381
:1003A800C5E900433146BDE8F0878B4209D9002DE5
:1003B80000F0EF800026C5E9000130463146BDE86F
:1003C800F087B3FA83F6002E4AD18B4202D38242D9
:1003D80000F2F980841A61EB030301209E46002D88
:1003E800E0D0C5E9004EDDE702B9FFDEB2FA82F2DD
:1003F800002A40F09280A1EB0C014FEA1C471FFA3B
:100408008CFE0126200CB1FBF7F307FB131140EA21
:1004180001410EFB03F0884208D91CEB010103F1EE
:10042800FF3802D2884200F2CB804346091AA4B2B0
:10043800B1FBF7F007FB101144EA01440EFB00FE84
:10044800A64508D91CEB040400F1FF3102D2A645E9
:1004580000F2BB800846A4EB0E0440EA03409CE788
:10046800C6F12007B34022FA07FC4CEA030C20FA35
:1004780007F401FA06F31C43F9404FEA1C4900FA55
:1004880006F3B1FBF9F8200C1FFA8CFE09FB1811D2
:1004980040EA014108FB0EF0884202FA06F20BD945
:1004A8001CEB010108F1FF3A80F08880884240F295
:1004B8008580A8F102086144091AA4B2B1FBF9F0D9
:1004C80009FB101144EA014100FB0EFE8E4508D9D4
:1004D8001CEB010100F1FF346CD28E456AD9023859
:1004E800614440EA0840A0FB0294A1EB0E01A1423E
:1004F800C846A64656D353D05DB1B3EB080261EBAC
:100508000E0101FA07F722FA06F3F1401F43C5E985
:10051800007100263146BDE8F087C2F12003D840BB
:100528000CFA02FC21FA03F3914001434FEA1C47FD
:100538001FFA8CFEB3FBF7F007FB10360B0C43EAEF
:10054800064300FB0EF69E4204FA02F408D91CEB9F
:10055800030300F1FF382FD29E422DD9023863449D
:100568009B1B89B2B3FBF7F607FB163341EA03413D
:1005780006FB0EF38B4208D91CEB010106F1FF388C
:1005880016D28B4214D9023E6144C91A46EA004683
:1005980038E72E46284605E70646E3E61846F8E615
:1005A8004B45A9D2B9EB020864EB0C0E0138A3E75E
:1005B8004646EAE7204694E74046D1E7D0467BE73F
:1005C800023B614432E7304609E76444023842E7B7
:1005D800704700BFFEE700BF0B480C4A904203D0AB
:1005E800121A0B4914F0A6FA0A480B4A904203D093
:1005F800121A002114F0ACFA08F092F914F076FA05
:1006080002F0AAFBFEE700BF00000024E00300247C
:10061800E8500108E003002450D20124704700BFCD
:10062800704700BF704700BF704700BF704700BFEA
:10063800704700BF704700BF2DE9F04F0446DFED5B
:10064800FC7A9FEDFC0A04F26C63DFEDFB0A9FED78
:10065800FB1A04F5DE65DFEDFA1A04F274769FEDF5
:10066800F92A04F6943CDFEDF82A04F5826B9FED35
:10067800F73A04F59C61DFEDF63A04F264529FED17
:10068800F54A04F5BD6EDFEDF44A04F5FF689FED09
:10069800F35A04F67C07DFEDF25A04F6841A9FED4C
:1006A800F16A04F60829DFEDF06A9FEDF07A2DED86
:1006B8000A8B87B0DFEDEE8A9FEDEE8AB7EE009ADF
:1006C8009FEDEDAAB3EE04CA019304F5316380ED02
:1006D800970AC0ED938AC0EDA17A80ED94AAC0ED87
:1006E800A27AC0EDA37AC0EDA47AC0EDA57AC0EDD8
:1006F800AA7AC0EDAB7AC0EDAC7AC0EDAD7AC0EDA8
:10070800AE7AC0EDAF7AC0EDB07AC0EDB17AC0ED87
:10071800B27AC0EDB37A80ED968A00F25C40029519
:1007280004F68C25039604F510660493CDF814C0DE
:1007380004F6184CC4ED980A84ED991AC4ED9A1A77
:1007480084ED9B2AC4ED9C2A84ED9D3AC4ED953A2C
:1007580084ED9E4AC4ED9F4A84EDA05AC4EDA65A82
:1007680084EDA76AC4EDA86A84EDA97AC4EDC27ABB
:10077800C4EDC37AC4EDC47AC4EDC57AC4EDC67AB3
:10078800C4EDCB7AC4EDCC7AC4EDCD7AC4EDCE7A83
:10079800C4EDCF7AC4EDD07AC4EDD17AC4EDD27A63
:1007A800C4EDD37AC4EDD47A84EDB80AC4EDB90A9D
:1007B80084EDBA1AC4EDBB1A84EDBC2AC4EDBD2A77
:1007C80084EDBE3AC4EDB48A84EDB5AA84EDB78A47
:1007D800C4EDB63A84EDBF4AC4EDC04A84EDC15AAF
:1007E800C4EDC75A84EDC86AC4EDC96A84EDCA7AF3
:1007F800C4EDE37AC4EDE47AC4EDE57AC4EDE67AB3
:10080800C4EDE77AC4EDEC7AC4EDED7AC4EDEE7A86
:10081800C4EDEF7AC4EDF07AC4EDF17AC4EDF27A62
:10082800C4EDF37AC4EDF47AC4EDF57A84EDD90A0F
:10083800C4EDDA0A84EDDB1AC4EDDC1A84EDDD2A96
:10084800C4EDDE2A84EDDF3AC4EDD73AC4EDD58A8B
:1008580084EDD88A84EDE04AC4EDE14A84EDE25A99
:10086800C4EDE85A84EDE96AC4EDEA6A84EDEB7AEE
:10087800C4EDF68ACBED007A04F2144BDFED7F9AD3
:10088800CBED007A04F5836BDFED7DBACBED007A12
:1008980004F21C4B9FED7BBACBED007A04F5846B18
:1008A800DFED79AACBED007A04F2344BCBED007A78
:1008B80004F5876BCBED007A04F23C4BCBED007A64
:1008C80004F5886BCBED007A04F2444BCBED007A4B
:1008D80004F5896BCBED007A04F24C4BCBED007A32
:1008E80004F58A6BCBED007A04F2544BCBED007A19
:1008F80004F58B6BCBED007A04F5806B84EDFA0A76
:10090800C4EDFB0A84EDFC1AC4EDFD1A84EDFE2A41
:10091800C4EDFF2A84EDF98A8BED003A04F2044B0A
:10092800C4EDF83A8BED004A04F5816BCBED004A33
:1009380004F20C4B8BED005A04F2244BCBED005A19
:1009480004F5856B8BED006A04F22C4BCBED006A45
:1009580004F5866B8BED007A80ED040AC0ED050A7C
:1009680080ED061AC0ED071A80ED082AC0ED092AA5
:1009780080ED0A3AC0ED023A80ED0B4AC0ED0C4A10
:10098800C0ED008AC0ED0E7AC0ED0F7AC0ED107A86
:10099800C0ED117AC0ED127AC0ED177AC0ED187A61
:1009A800C0ED197AC0ED1A7AC0ED1B7AC0ED1C7A39
:1009B800C0ED1D7AC0ED1E7AC0ED1F7AC0ED207A19
:1009C80080ED038A80ED0D5AC0ED135A80ED146A4C
:1009D800C0ED156A80ED167A81ED040AC1ED050AAD
:1009E80081ED061AC1ED071A81ED082AC1ED092A21
:1009F80081ED0A3AC1ED023A81ED0B4AC1ED0C4A8C
:100A080081ED0D5AC1ED008AC1ED0E7AC1ED0F7A64
:100A1800C1ED107AC1ED117AC1ED127AC1ED177AE4
:100A2800C1ED187AC1ED197AC1ED1A7A2EE000BF2E
:100A3800000000004A6CA94B32EBC2514F40E0570E
:100A4800081AAC47FB65E74F0C901B5834295160D6
:100A5800F304B53FFC50395A041B7D5EC0487360EF
:100A680093B06CC01A71A4403E7E4BC0D5393D3F4F
:100A780000442C471D43934500803B4400E02B4530
:100A88000000FA4200002F430040CE45C1ED1B7A1A
:100A9800C1ED1C7AC1ED1D7AC1ED1E7AC1ED1F7A38
:100AA800C1ED207A81ED038AC1ED135A81ED146AF4
:100AB800C1ED156A81ED167A82ED040AC2ED050AC8
:100AC80082ED061AC2ED071A82ED082AC2ED092A3C
:100AD80082ED0A3AC2ED023A82ED0B4AC2ED0C4AA7
:100AE80082ED0D5AC2ED135AC2ED008AC2ED0E7A9C
:100AF800C2ED0F7AC2ED107AC2ED117AC2ED127A08
:100B0800C2ED177AC2ED187AC2ED197AC2ED1A7AD7
:100B1800C2ED1B7AC2ED1C7AC2ED1D7AC2ED1E7AB7
:100B2800C2ED1F7AC2ED207A82ED038A82ED146A43
:100B3800C2ED156A82ED167ACEED008A8EED038A33
:100B48008EED040ACEED050A8EED061ACEED071AD3
:100B58008EED082ACEED092A8EED0A3ACEED023A3C
:100B68008EED0B4ACEED0C4A8EED0D5ACEED135A92
:100B78008EED146ACEED0E7ACEED0F7ACEED107AA8
:100B8800CEED117ACEED127ACEED177ACEED187A37
:100B9800CEED197ACEED1A7ACEED1B7ACEED1C7A0F
:100BA800CEED1D7ACEED1E7ACEED1F7ACEED207AEF
:100BB800CEED156A019B8EED167A83ED040AC3ED1E
:100BC800050A83ED061AC3ED071A83ED082AC3ED5B
:100BD800092A83ED0A3AC3ED023A83ED0B4AC3EDC5
:100BE8000C4A83ED0D5AC3ED135A83ED146AC3ED15
:100BF800008AC3ED0E7AC3ED0F7AC3ED107AC3ED08
:100C0800117AC3ED127AC3ED177AC3ED187AC3EDE2
:100C1800197AC3ED1A7AC3ED1B7AC3ED1C7AC3EDBA
:100C28001D7AC3ED1E7AC3ED1F7AC3ED207A83EDDA
:100C3800038AC3ED156A83ED167A029B83ED040AD5
:100C4800C3ED050A83ED061AC3ED071A83ED082ADA
:100C5800C3ED092A83ED0A3AC3ED023A83ED0B4A44
:100C6800C3ED0C4A83ED0D5AC3ED135A83ED146A94
:100C7800C3ED008AC3ED0E7AC3ED0F7AC3ED107A87
:100C8800C3ED117AC3ED127AC3ED177AC3ED187A62
:100C9800C3ED197AC3ED1A7AC3ED1B7AC3ED1C7A3A
:100CA800C3ED1D7AC3ED1E7AC3ED1F7AC3ED207A1A
:100CB80083ED038AC3ED156A83ED167A039B83EDF2
:100CC800040AC3ED050A83ED061AC3ED071A83ED7E
:100CD800082AC3ED092A83ED0A3AC3ED023A83EDE7
:100CE8000B4AC3ED0C4A83ED0D5AC3ED135A83ED3D
:100CF800146AC3ED008AC3ED0E7AC3ED0F7AC3ED13
:100D0800107AC3ED117AC3ED127AC3ED177AC3EDE9
:100D1800187AC3ED197AC3ED1A7AC3ED1B7AC3EDBD
:100D28001C7AC3ED1D7AC3ED1E7AC3ED1F7AC3ED9D
:100D3800207A83ED038AC3ED156A83ED167AC8ED30
:100D48000E7AC8ED0F7AC8ED107AC8ED117AC8EDA1
:100D5800127AC8ED177AC8ED187AC8ED197AC8ED75
:100D68001A7AC8ED1B7AC8ED1C7AC8ED1D7AC8ED51
:100D78001E7AC8ED1F7AC8ED207A88ED040AC8EDFE
:100D8800050A88ED061AC8ED071A88ED082AC8ED85
:100D9800092A88ED0A3AC8ED023A88ED0B4AC8EDEF
:100DA8000C4A88ED0D5AC8ED135A88ED146AC8ED3F
:100DB800156AC8ED008A88ED038A88ED167AC7EDB2
:100DC8000E7AC7ED0F7AC7ED107AC7ED117AC7ED25
:100DD800127AC7ED177AC7ED187AC7ED197AC7EDF9
:100DE8001A7AC7ED1B7AC7ED1C7AC7ED1D7AC7EDD5
:100DF8001E7AC7ED1F7AC7ED207A87ED040AC7ED82
:100E0800050A87ED061AC7ED071A87ED082AC7ED08
:100E1800092A87ED0A3AC7ED023A87ED0B4AC7ED72
:100E28000C4A87ED0D5AC7ED135A87ED146AC7EDC2
:100E3800156A87ED167AC7ED008A87ED038AC6ED35
:100E4800008AC6ED0E7AC6ED0F7AC6ED107AC6EDA9
:100E5800117AC6ED127AC6ED177AC6ED187AC6ED84
:100E6800197AC6ED1A7AC6ED1B7AC6ED1C7AC6ED5C
:100E78001D7AC6ED1E7AC6ED1F7AC6ED207A86ED7C
:100E8800040AC6ED050A86ED061AC6ED071A86EDB0
:100E9800082AC6ED092A86ED0A3AC6ED023A86ED19
:100EA8000B4AC6ED0C4A86ED0D5AC6ED135A86ED6F
:100EB800146AC6ED156A86ED167A86ED038ACAEDC0
:100EC800008A8AED01AACAED0E7ACAED0F7ACAED38
:100ED800107ACAED117ACAED127ACAED177ACAEDFC
:100EE800187ACAED197ACAED1A7ACAED1B7ACAEDD0
:100EF8001C7ACAED1D7ACAED1E7ACAED1F7ACAEDB0
:100F0800207A8AED040ACAED050A8AED061ACAEDA6
:100F1800071A8AED082ACAED092A8AED0A3ACAEDA3
:100F2800023A8AED0B4ACAED0C4A8AED0D5ACAED0F
:100F3800135A8AED146ACAED156A8AED167A8AED93
:100F4800038A89ED01AAC9ED008AC9ED0E7AC9EDB7
:100F58000F7AC9ED107AC9ED117AC9ED127AC9ED87
:100F6800177AC9ED187AC9ED197AC9ED1A7AC9ED57
:100F78001B7AC9ED1C7AC9ED1D7AC9ED1E7AC9ED37
:100F88001F7AC9ED207A89ED040AC9ED050A89EDB1
:100F9800061AC9ED071A89ED082AC9ED092A89ED4B
:100FA8000A3AC9ED023A89ED0B4AC9ED0C4A89EDB6
:100FB8000D5AC9ED135A89ED146AC9ED156A89ED00
:100FC800167A89ED038AC5ED008AC5ED0E7A049B71
:100FD800C5ED0F7AC5ED107AC5ED117AC5ED127A17
:100FE800C5ED177AC5ED187AC5ED197AC5ED1A7AE7
:100FF800C5ED1B7AC5ED1C7AC5ED1D7AC5ED1E7AC7
:10100800C5ED1F7AC5ED207A85ED040AC5ED050A00
:1010180085ED061AC5ED071A85ED082AC5ED092ADA
:1010280085ED0A3AC5ED023A85ED0B4AC5ED0C4A45
:1010380085ED0D5AC5ED135A85ED146AC5ED156A8F
:1010480085ED167A85ED038AC3ED008AC3ED0E7A25
:1010580083ED040AC3ED050A83ED061AC3ED071AEA
:1010680083ED082AC3ED092A83ED0A3AC3ED023A53
:1010780083ED0B4AC3ED0C4A83ED0D5AC3ED135AA9
:1010880083ED146AC3ED156A83ED167AC3ED0F7A02
:10109800C3ED107AC3ED117AC3ED127AC3ED177A56
:1010A800C3ED187AC3ED197AC3ED1A7AC3ED1B7A2A
:1010B800C3ED1C7AC3ED1D7AC3ED1E7AC3ED1F7A0A
:1010C800C3ED207A83ED038A059BC3ED008AC3ED47
:1010D8000E7A83ED040AC3ED050A83ED061AC3ED03
:1010E800071A83ED082AC3ED092A83ED0A3AC3EDEE
:1010F800023A83ED0B4AC3ED0C4A83ED0D5AC3ED5A
:10110800135A83ED146AC3ED156A83ED167AC3ED9D
:101118000F7AC3ED107AC3ED117AC3ED127AC3EDDD
:10112800177AC3ED187AC3ED197AC3ED1A7AC3EDAD
:101138001B7AC3ED1C7AC3ED1D7AC3ED1E7AC3ED8D
:101148001F7AC3ED207A83ED038ACCED008ACCEDBB
:101158000E7ACCED0F7A8CED038A8CED040ACCED77
:10116800050A8CED061ACCED071A8CED082ACCED91
:10117800092A8CED0A3ACCED023A8CED0B4ACCEDFB
:101188000C4A8CED0D5ACCED135A8CED146ACCED4B
:10119800156A8CED167ACCED107ACCED117ACCED7F
:1011A800127ACCED177ACCED187ACCED197ACCED11
:1011B8001A7ACCED1B7ACCED1C7ACCED1D7ACCEDED
:1011C8001E7ACCED1F7ACCED207A84ED009A84ED5E
:1011D800019A84ED149A84ED169A84ED189A84ED98
:1011E800159A84ED179A84ED199A84ED1A9A84ED6C
:1011F8001C9A84ED1E9A84ED1B9A84ED1D9A84ED49
:101208001F9A88ED01CAC7ED01BAC6ED01BA84ED8F
:10121800D6BA85ED01BACEED019ACCED019AC4EDAE
:10122800F79AC0ED019A04F1DC00C1ED019AC2ED14
:10123800019A049AC2ED019AC3ED019A039A414BAF
:1012480053604FF49072019BC3ED01AA029BC3ED5A
:1012580001AA0023C4ED227AC4F848321946C4ED25
:10126800237AC4ED247AC4ED257AC4ED267AC4ED38
:10127800277AC4ED287AC4ED297AC4ED2A7AC4ED18
:10128800087AC4ED097AC4ED0A7AC4ED0B7AC4ED84
:101298000C7AC4ED0D7AC4ED0E7AC4ED0F7AC4ED64
:1012A800107AC4ED117AC4ED127AC4ED137AC4ED44
:1012B8007F7AC4ED807AC4ED817AC4ED827AC4ED78
:1012C800837AC4ED847AC4ED857AC4ED867AC4ED58
:1012D800877AC4ED887AC4ED897AC4ED8A7AC4ED38
:1012E8008B7AC4ED8C7AC4ED8D7AC4ED8E7AC4ED18
:1012F8008F7AC4ED907A13F02BFC1348134B1449E2
:10130800C4F8C0001348144AC4F8BC30C4F8D83034
:10131800C4F8B810C4F8D4301049C4F8B400204652
:10132800C4F8D0300E4BC4F8B010C4F8CC20C4F8C0
:10133800C820C4F8AC30C4F8C42007B0BDEC0A8B90
:10134800BDE8F08F00401C4696438B3DB6F3FD3C4C
:1013580077BE1F3DC520303D2506813D295C0F3DE8
:10136800E3A51B3D00F67C03F9EE004A30EE206A47
:1013780093ED0A7AF6EE006A93ED0D4AF1EE085AFB
:1013880067EE242AD3ED197A66EE266A93ED1A3AA7
:10139800C7EE043AD3ED1B1A93ED1D1A93ED1E2ADE
:1013A80082EE846A27EE257A30EE660AB1EE005A9C
:1013B800C7EE042A70EEE60A2DE9F0412DED108BF8
:1013C800C3ED1A7A66EE277A93ED1C8A044693EDEC
:1013D800139A00F27470E0EE237AD3ED148A90ED3C
:1013E800067A04F5FF61C3ED1C1A04F5106283ED5B
:1013F8001B3A04F23C4E83ED170A04F5886583ED29
:10140800190A04F24446E2EE837A90ED0D3A93ED20
:10141800150AA6B0C3ED102A04F58967D3ED1F2A73
:1014280004F22C4C83ED0F6A04F5866883ED116A8B
:10143800E6EE217AC3ED0E3A67EE051AC3ED123ACD
:1014480087EE036A83ED1E1A83ED1F2AE3EE887A7E
:10145800D3ED163A81EE834AE9EE417A27EE257AF2
:10146800C7EE031A93ED207AC3ED202AE8EEC27A7C
:10147800E0EE627AE3EEC77AC3ED187AC3ED1D7A1F
:1014880004F53163D0ED193AD0ED1A2A24EE237A07
:1014980090ED1B3A90ED1C0A90ED1D1AA6EE867A87
:1014A800D0ED138AC4ED097AC0ED1A3AD1ED0A3AA3
:1014B80090ED1E2A90ED148AA1EEA27A80ED0E6AB4
:1014C800C0ED101A63EEA41A80ED126AC0ED176A17
:1014D800C0ED196AD1ED0D6AA4EE037A80ED0F4ACA
:1014E80080ED114A83EEA64A80ED1C3AC0ED1B2A16
:1014F800D0ED1F2A80ED1E1AA6EE007A90ED150A8F
:1015080023EEA56A80ED1F2A81EEA63AA8EEC17ADD
:10151800C6EE261AD0ED206A90ED166AC0ED202A94
:10152800A8EE427AA0EE627AA6EE667A80ED187A84
:1015380080ED1D7A04F20C4081ED0E4A81ED0F3AE0
:10154800C1ED101A91ED196AD1ED1A3A63EE066AE7
:10155800D1ED1B2A91ED1C0A81ED1A6AE4EE076AA7
:1015680092ED0A6A91ED1D2A91ED131A26EE248A4E
:1015780081ED197A81ED177A92ED0D7AE1EEA36A81
:10158800C1ED1B3AC8EE073AD1ED1E1AD1ED148A07
:1015980081ED124A81ED113A91ED158AE3EE226A46
:1015A800C1ED1C2AD1ED1F2A81ED1E2AC1ED1F1A9B
:1015B800E4EE006A91ED160A86EE074AE1EE426A09
:1015C80092ED192A26EE256A91ED201AC1ED202AFE
:1015D80086EE073AE8EEE16A23EE827AA0EE847A94
:1015E800E8EE626AE0EE416AC1ED186AC1ED1D6A73
:1015F80004F58261C4ED086A82ED0E4AC2ED0F3A25
:1016080082ED103AC2ED113A82ED124AD2ED1A2A51
:1016180092ED1B6AA3EE227A82ED1A2A92ED1C2A19
:1016280092ED1D3AC2ED1B2AD2ED132A92ED1E1A35
:10163800A3EE867A82ED1E3A82ED1C6A93ED0D6A5E
:10164800D2ED148AC2ED190AD2ED1F1AA4EE027A5D
:1016580093ED0A4AC2ED170A84EE062AD2ED150A5E
:1016680092ED200A92ED168A82ED1F1AC2ED201A19
:10167800A2EEC37A24EE243A64EE253AC3EE062A93
:1016880083EE863A93ED196AD3ED1A3AA8EEC17A39
:1016980022EE864AA0EEE17AD3ED1B0AA2EE274A93
:1016A800A8EE407AA3EE234A82ED187A82ED1D7ADD
:1016B80004F58362A2EEA04A84ED0A7A83ED0E2A2D
:1016C800C3ED0F2A83ED103AC3ED112A83ED122AD8
:1016D800C3ED177A83ED1A6A94EDFC6AD3ED1C8A80
:1016E80026EE050AD0ED001AA2EE284A93ED1D1A3F
:1016F80093ED138A04F5856080EE213AC3ED1B3A19
:10170800DEED002A93ED1F2AC3ED1C0AD3ED150A5E
:10171800C6EE213AC3ED197AA8EE414A26EE256AAB
:1017280086EE210A93ED1E6AD3ED141A83ED1F6A23
:1017380083ED1E1A93ED161AA1EEC64AD3ED201AB0
:1017480023EE226A83ED202AA3EEA76AA0EEC24AFE
:10175800D6ED000AA1EE614A95ED001AA0EE016AE5
:1017680083ED184AB0EE44BA83ED1D4A04F21443DF
:10177800A3EE206A84ED0E4AC1ED003A04F6841106
:1017880083ED003A04F21C4382ED000A04F58462FA
:1017980083ED003A04F24C438DED1F4A97ED004A61
:1017A800D3ED008AA3EE846AC2ED003A04F2344213
:1017B800C2ED007A04F2244291ED0D2A92ED004A1E
:1017C80004F58A6291ED1A0AA4EE686A91ED0A4A54
:1017D800D2ED009AC4EE023A91ED1B8AD1ED13AA1C
:1017E80064EE241A24EE254A81EE823AD8ED001AD6
:1017F80004F5876884EE029A90ED004A04F254409A
:1018080091ED192A90ED00AAA4EE696A9CED004AB0
:1018180004F58B6CA4EE4A6A9CED004AA1EEC46AFA
:10182800D1ED1C1A23EE024AA3EE864AA9EE004A1D
:10183800A3EE084AA3EEA14AD1ED1D1A88ED006A6D
:10184800C7ED000A86ED001AC5ED002A91ED1E1AB3
:10185800AAEEE14ACEED007A8CED00AAC0ED009A1E
:1018680004F68C20C2ED008A04F6184283ED006A63
:1018780004F5BD6381ED0F3A81ED113A91ED143A0B
:1018880081ED109AA3EE414AC1ED0E3AC1ED123A2C
:1018980081ED176AD1ED1F0A94ED993AD4EDA02A8B
:1018A80081ED1A2A23EE052AD1ED153A81ED1C8A1D
:1018B80023EE258AA3EEE04AC1ED1E1AC3EE223AB2
:1018C800D4EDAC1A81ED196A81ED1B0A91ED160A67
:1018D80081ED1F1A82EE223A94EDAD1A88EE222A83
:1018E800D1ED202AC1ED200AD4EDAF0AA0EE624A5C
:1018F800D4EDB02A94EDB20A23EE216A81ED184A9C
:1019080081ED1D4AF0EE449A8DED1E4A04F694319D
:10191800A3EEA76A84ED0F4A94EDAE4A84EDA23A8D
:1019280084EDA43AC4EDA13A84EDA32AA2EE016A9B
:10193800C4EDA53A94EDB12AC4EDAA7AA3EE046ADF
:1019480094EDA63AA3EEA06AD4EDA73AA3EE626A94
:10195800A3EEC26AD4EDA83A84EDAF4A92ED0A4AE2
:10196800C4EDAD1A64EE241A92ED0D3AC4EDAC7ACA
:1019780064EE257AA3EEC06A84EDAE1AC4EE033A8B
:1019880092ED1A1AD2ED1B0AC4EDB12AD2ED132A30
:1019980084EDB22A81EE834AD2ED191A92ED142A07
:1019A80092ED159AD4EDA98A87EE838A92ED1C3AB6
:1019B80064EE217AE3EEA67AE8EE017AE4EE207A84
:1019C800E3EE837A92ED1D3AE2EEC37AD2ED1E2A57
:1019D800E2EE627A92ED1F2AE9EE427A94EDB39A2A
:1019E80084EDB30AA8EEC96A84EDAB6AB0EE460A84
:1019F80084EDB06A84ED106A8DED1D6A82ED108A5F
:101A0800C2ED0E3AC2ED123AC2ED176A82ED0F4AE4
:101A180082ED114A92ED164A92ED206AE4EE467A7A
:101A280093ED064A82ED1B1A24EE051AC2ED1C0A34
:101A380064EE253AC2ED187AB0EE678ACDED1C7ACD
:101A4800D3ED0D7A82ED202A84EE276AC2ED1A1AA8
:101A5800C2ED196A81EE274A83EEA72AD3ED193A17
:101A680082ED1E3A93ED1A3AC2ED1F2AD3ED1B2AD6
:101A780082ED1D8AB0EE481A84ED0B8A04F59C624B
:101A880083ED1B3A83ED0E6A83ED126AC3ED176A84
:101A980064EE237A83ED0F4A83ED114AE6EE267A47
:101AA80083ED102AE2EE037A93ED1C2A93ED1D3A9A
:101AB800C3ED1C2AE4EE227AD3ED132A93ED1F4AD4
:101AC800E6EE027A93ED1E2A93ED146AE2EEC37AEB
:101AD800E6EE427A93ED156AD3ED162AC3ED1A3A6B
:101AE800E6EE447A93ED206AE2EEC67A90ED0A6A51
:101AF800D0ED0D2A66EE241A83ED1E3AC6EE223A80
:101B080083ED204A83ED1F2AC3ED196AC3ED187AC5
:101B1800C3ED1D7A04F6082381EEA23AC0ED177AC8
:101B2800D0ED1C1A26EE254A90ED196AC0ED197AF7
:101B380084EE222AD0ED1A2A80ED1A6A90ED1B4A0B
:101B4800C0ED0E3A80ED1C4AC0ED123AC0ED1B2ADA
:101B580023EE066A80ED0F3A80ED113AA3EEA76AEC
:101B680080ED102AF0EE467A90ED1D6AE2EE227AB8
:101B780090ED142AE3EE047A90ED134A90ED1E3AA4
:101B8800E3EEA17AD0ED153AE4EE467A90ED1F4ADD
:101B9800D0ED162A80ED1E6A94EDDB6A80ED1F3ABF
:101BA800E2EE437A94EDE23A26EE052AE3EEC47AB1
:101BB800D0ED203A80ED204A86EE034AE2EEE37A41
:101BC800D4EDEF2AC2EE033A26EE256AC0ED187A64
:101BD800F0EE670ACDED1B7AD4EDEE7A86EE032A95
:101BE80094EDF13AC0ED1D0AC4EDEF7AC4EDEC6A4C
:101BF800C4EDEE6A94EDF36AC4ED0C0A84EDE34A91
:101C080063EEA77AC4EDE43AC4EDE63A84EDE74A18
:101C1800E4EE267AD4EDF06AC4EDF02AC4EDF16A58
:101C280084EDE52AE2EE227AD4EDE92AE3EEA67AFB
:101C3800D4EDF26AD4EDE83AC4EDF36AE4EE037A3F
:101C480094EDEA3AE3EEE67AD4EDF46A94EDF54AD7
:101C580084EDF46AD4EDEB3AC4EDF56AE2EEC67AA7
:101C680091ED0A6A66EE252AE3EE667A26EE243AB4
:101C7800E3EEC47A91ED0D4AD1ED1A3AC6EE046A44
:101C8800C4EDED7A83EE046AC4EDF27AC4ED0D7A00
:101C9800CDED1A7A81ED177A82EE843A91ED1B4ADE
:101CA800C1ED1B3AB0EE678AD1ED197AC1ED0E6A23
:101CB800C1ED1A7A81ED197AC1ED126A66EE277ABA
:101CC80081ED0F6A81ED116AE6EE877A81ED103AAF
:101CD800E3EE237A91ED1C3AD1ED1D3A81ED1C4AD1
:101CE800E6EE047A91ED136A91ED1E4AC1ED1E3AB3
:101CF800E6EE837A91ED143AD2ED066AE6EE637A5F
:101D0800D2ED0D3A91ED1F6A81ED1F4AD1ED152AEA
:101D1800E3EE447A91ED204A91ED163A81ED206A7E
:101D2800E2EEC67A86EEA36AF0EE678A66EE857AF8
:101D380066EEA56AE3EE448A87EEA34A86EEA33AE6
:101D4800D2ED196AD2ED1A3AC1ED188AC1ED1D8A91
:101D5800C4ED118AC2ED1A6A82ED0E6A82ED126A2A
:101D680082ED177A82ED197ACDED198A64EE267A1A
:101D7800D2ED1B6A82ED0F4A82ED114AE6EE077A30
:101D8800C2ED1B3A82ED103AE3EE237AD3ED0A3A1C
:101D980092ED153A63EEA44A63EEA52AE4EE267A9C
:101DA80092ED1C4AC2ED1C6AD2ED1D6AE6EE047A79
:101DB80092ED134A92ED1E6AC2ED1E6AE4EE667A4F
:101DC80092ED144AD2ED1F6A82ED1F6AE4EE467A5C
:101DD80092ED206A92ED164AC2ED206A93ED162A1A
:101DE800E3EE667AD3ED0D6A82EEA63AD3ED202AA9
:101DF800E4EE467A84EEA64AD3ED1A4A83EEA66A42
:101E0800D3ED193AC2ED187AC2ED1D7AC3ED177AEF
:101E1800C3ED197AC3ED1A3A83ED103A64EE236ADA
:101E2800D4EDBA3A83ED0F4A83ED114A23EE855A71
:101E380063EEA55AE6EE276A83ED0E6A83ED126A11
:101E4800F0EE667AD3ED1B6AC3ED1B4AE3EE247A03
:101E5800D3ED1C4AC3ED1C6AE4EE267AD3ED1D6A65
:101E680093ED134AE6EE247A93ED1E6AD3ED144AF5
:101E7800C3ED1E6AE4EE667AD3ED1F6A83ED1F6A2E
:101E8800C3ED206AE4EEC67AD3ED154AE4EEE67AAD
:101E9800D4EDC14A94EDCD3A85EE246A94EDD15A39
:101EA800C3EEA46AD4EDC73A85EEA44AD4EDCE5A5F
:101EB800D4EDCF4AE2EE627AC3ED187AB0EE672A23
:101EC800C3ED1D7ACDED187AC4ED127A66EE037A69
:101ED80084EDCB7A84EDCD7AE6EE877A94EDD07AEC
:101EE80084EDC44AC4EDCF5AC4EDD04AC4EDC26AE9
:101EF80084EDC36AE4EE257AD4EDD25A94EDC84A4B
:101F080084EDC56AC4EDC66AD4F8483284EDCE3A89
:101F1800E6EE247AD4EDC94A94EDCA6A072B84ED1B
:101F2800D25AE6EE877A94EDD37AD4EDD46AC4ED2A
:101F3800D35A84EDD47AE3EEC57AE4EE657AE4EE1A
:101F4800C77AE6EE667AC4EDCC7AF0EE67DAC4EDCD
:101F5800D17AC4ED137A00F3DE8204EB8303B0EE8A
:101F6800C87AB0EECBFA04F1DC0083ED37BAF0EEB4
:101F7800E91AC3ED3F9AF0EEC02A83ED470AB7EE9F
:101F8800C7CAC3ED570AB7EECF6A83ED5F8AB0EED2
:101F9800C25AC3ED678AB0EEC14A83ED4F1AF0EE1C
:101FA800E05A83ED6F2AB7EEE10AC3ED777AB7EE10
:101FB800C49AD4ED7F7AB7EEE5AA94ED852AB7EEF8
:101FC800C55AB7EEE73A94ED801AF0EEE87AD4ED08
:101FD800824AB7EEE28A94ED87DAB7EEC11AB7EE15
:101FE800E77AB7EEE44AB0EEEDBA8DED167BB7EEC0
:101FF800C27AB7EECBBA8DED006B8DED023BD4ED16
:10200800836AD4ED813A94ED863A94ED846A8DED35
:10201800040B8DED088BB7EEE30AB7EEE68AB7EE50
:10202800C6FA8DED207BB7EECD7A8DED061B8DEDD2
:102038000A0B8DED0C9B8DED0E4B8DED10ABB4EEB8
:10204800004B8DED128B8DED14CB8DED225B8DED5C
:10205800247BB7EEC35A94ED8B0A94ED8C1A94ED59
:102068008DCA94ED88AA94ED8EEA94ED899AD4ED00
:102078008F6A94ED8A8A94ED907A9DED002B9DED00
:10208800023BA2EE043B9DED062B8DED003B9DED42
:10209800043BA3EE042B9DED0A3B8DED022B9DED39
:1020A800082BA2EE043B9DED0E2B8DED043B9DED20
:1020B8000C3BA3EE042B9DED123B8DED0C2B9DEDFF
:1020C800102BA2EE043B9DED142BA2EE04FB8DED2C
:1020D8000E3B9DED162B9DED203BA2EE043BB0EE92
:1020E800432B9DED223BA3EE045BB0EE453B9DEDFB
:1020F800245BABEE045B9DED004BF7EEC47B9DEDDE
:10210800024BCDED067AF7EEC47BCDED087A9DED56
:10211800044BF7EEC47B9DED0C4BCDED0A7AF7EE40
:10212800C47B9DED0E4BCDED0C7AF7EEC47BCDED67
:102138000E7AF7EECF7BCDED107AF7EEC27BCDEDC0
:10214800127AF7EEC37BCDED147AF7EEC57BCDEDB1
:10215800167A94ED366ADFED4C7AF0EEC65AF4EE54
:10216800E75AF1EE10FA09D4F0EEC05AF4EEE75A45
:10217800F1EE10FA02D4C6EE00BA01E0F7EE00BAAA
:10218800D4ED353ADFED407AF0EEE35AF4EEE75A53
:10219800F1EE10FA09D4F0EEC15AF4EEE75AF1EE76
:1021A80010FA02D483EE81BA01E0B7EE00BAD4ED9A
:1021B800341ADFED357AF0EEE15AF4EEE75AF1EE33
:1021C80010FA09D4F0EECC5AF4EEE75AF1EE10FA10
:1021D80002D4C1EE8CCA01E0F7EE00CA94ED332AAE
:1021E800DFED295AF0EEC27AF4EEE57AF1EE10FA54
:1021F8000FD4B6EE005A6AEE057AEEEE057AB0EE26
:10220800E75AB4EEE55AF1EE10FA02D4C2EE27AA64
:1022180001E0F7EE00AAD4ED322ADFED1B5AF0EE0A
:10222800E27AF4EEE57AF1EE10FA0FD4B6EE005A3F
:1022380069EE057AE6EE857AB0EEE75AB4EEE55A2D
:10224800F1EE10FA02D4C2EEA79A01E0F7EE009A76
:1022580094ED313ADFED0C5AF0EEC37AF4EEE57AFC
:10226800F1EE10FA12D4B6EE005A68EE057AE7EEEF
:10227800057AB0EEE75AB4EEE55AF1EE10FA05D455
:10228800C3EE278A04E000BF5F708930F7EE008A4A
:10229800D4ED307A4FF07E52DDED0C5A4FF07A5380
:1022A800C4ED14BAF4EEE57A84ED16BAC4ED18CA92
:1022B800C4ED15AAF1EE10FA22606360C4ED179A16
:1022C800C4ED198A40F320829DED1C5AB5EEC05A20
:1022D800F1EE10FA00F3BB8300F12584DDED1C7AE2
:1022E8009DED0E6AC4ED0B7AD4ED2F7AF4EEC67A22
:1022F800F1EE10FA40F32F82DDED1B5AF5EEC05ACD
:10230800F1EE10FA00F3988300F11D84DDED1B7ADD
:102318009DED106AC4ED0C7AD4ED2E7AF4EEC67AEF
:10232800F1EE10FA40F33E82DDED1A5AF5EEC05A8E
:10233800F1EE10FA00F3758300F11584DDED1A7AD9
:102348009DED066AC4ED0D7AD4ED2D7AF4EEC67AC9
:10235800F1EE10FA40F34D829DED1F5AB5EEC05ACA
:10236800F1EE10FA00F33C8300F1B4839DED1F6A8F
:10237800DDED085A84ED0E6A94ED2C6AB4EEE56A38
:10238800F1EE10FA40F35C82DDED1E4AF5EEC04A2C
:10239800F1EE10FA00F3198300F16F83DDED1E5A98
:1023A800D4ED2B3AC4ED0F5ADDED0A5AF4EEE53AB6
:1023B800F1EE10FA40F36B82DDED1D4AF5EEC04AEE
:1023C800F1EE10FA00F3228300F16683DDED1D5A69
:1023D800C4ED105ADDED125AF4EEE57AF1EE10FA7A
:1023E80040F37C829DED195AB5EEC05AF1EE10FA11
:1023F80000F3018300F15F83DDED197AC4ED117AF2
:10240800DDED147AB4EEE76AF1EE10FA40F38D824E
:10241800DDED185AF5EEC05AF1EE10FA00F32283FA
:1024280000F17283DDED187AC4ED127ADDED167ACB
:10243800F4EEE73AF1EE10FA40F39E82F5EEC0DAD8
:10244800F1EE10FA00F3B88200F153834FF4907262
:102458000021C4ED13DA12F07BFBDDED1B7ADDED14
:102468001C6A4FF07C532BEE27BADDED1E7A9DEDEA
:10247800187A002269EEA77A04F18000ABEEA6BABA
:10248800DDED1F6A69EE879AC4F8FC31EAEEA67A98
:10249800DDED196AB5EE007AC4F80032EAEEA69AC4
:1024A800DDED1A6AC4F80432ACEEA6BADDED1D6A99
:1024B800C4F80832E8EEA67AC4F80C32C4F8103230
:1024C800E8EEAD9AC4F81432C4F81832F0EE4B6A4C
:1024D800C4F81C3284ED887A84ED897AE7EE876A3D
:1024E80084ED8A7AA9EE87BA84ED8B7A84ED8C7AAA
:1024F80084ED8D7A84ED8E7A84ED8F7A84ED907AEE
:10250800C4F84822C4ED206A84ED21BA26B0BDEC97
:10251800108BBDE8F081D4ED7F7A04F1DC0094EDF6
:102528008DCA04F1FC02CDED067A0346D4ED807A1B
:1025380094ED8EEACDED087AD4ED817AF0EE4E2A4C
:1025480094ED899AB0EE4CEACDED0A7AD4ED827A10
:10255800B0EE49BA94ED8A8ACDED0C7AD4ED837A3F
:10256800B0EE48DA94ED8B0ACDED0E7AD4ED847A8C
:10257800B0EE40FA94ED8C1ACDED107AD4ED857A50
:10258800B0EE41CA94ED88AACDED127AD4ED867AE0
:10259800D4ED8F6ACDED147A94ED907AD4ED877AE4
:1025A800CDED20DACDED167AB3EC019AB7EECEEA8E
:1025B800DDED067AB7EECAAA93ED078AB7EECBBA75
:1025C80039EE679ADDED087A93ED0F0AB7EECDDAAA
:1025D80038EE678ADDED0A7A93ED171AF0EEC93AFC
:1025E80030EE670ADDED0C7A93ED1F2AF0EEC84A4B
:1025F80031EE671ADDED0E7A93ED273AF0EEC05A08
:1026080032EE672ADDED107A93ED2F4AB0EEC16AFB
:1026180033EE673ADDED127A9DED145AB7EEE60A0D
:1026280034EE674AD3ED377ADDED161AB0EEC33AC9
:1026380077EEC57A93ED3F5AB7EEC78A934235EEE7
:10264800615AB7EEE21AB7EEE39AB0EEC44AB7EEB3
:10265800C33AF0EEE77AB0EEC22AB0EEC55AB7EE4A
:10266800E77AB7EEC22AB7EECFFAB7EECCCA8DED4D
:10267800001BB7EEC61AB4EE006B8DED048BA3EE0B
:1026880006EBB7EEE48AB7EEC44AA2EE06CBA9EE93
:1026980006ABA8EE06BBA1EE06FBB7EECAABB7EEDB
:1026A800CCCBB7EECBBBB7EECEEB9DED003B8DEDC3
:1026B800020BB7EEE50AA4EE063BB7EEC55AA0EE4C
:1026C80006DBB7EECFFBF7EEC32B9DED024BA7EE73
:1026D800064BB7EECDDB9DED047BA5EE067BF7EE52
:1026E800C46BB7EEC77B7FF45FAFB0EE4C1ADDED7D
:1026F80020DAB0EE4ECAB0EE4F0AB0EE62EAB0EEA3
:102708004D8AB0EE4B9A24E57FF5E8ADDDED0C5A25
:102718009DED1C5AF4EEC55AF1EE10FA00F18582CF
:10272800DDED0C0A9DED1CDAB7EEE05AB7EECD4AA6
:10273800B1EE455BB4EEC54BF1EE10FA7FF5CEADC8
:1027480026EE206AC6EE005A75EE8D5A75EEE77AC7
:10275800CDED1C7AC2E57FF5D9AD9DED1B6ADDEDA7
:102768000E5AB4EEE56AF1EE10FA00F36A829DEDB6
:102778000E6ADDED1B0AB7EEC65AB7EEE04AB1EEB7
:10278800455BB4EEC54BF1EE10FA7FF5BFAD63EED5
:10279800863A83EE816A36EE206A76EE677ACDED68
:1027A8001B7AB3E57FF5CAAD9DED1A6ADDED105AC7
:1027B800B4EEE56AF1EE10FA00F31B829DED106AA3
:1027C800DDED1A3AB7EEC65AB7EEE34AB1EE455B0D
:1027D800B4EEC54BF1EE10FA7FF5B0AD61EE861A96
:1027E80081EE8C6A36EE236A76EE677ACDED1A7A38
:1027F800A4E57FF5BBAD9DED1F6ADDED065AB4EE8D
:10280800E56AF1EE10FA00F302829DED066ADDED4D
:102818001F3AB7EEC65AB7EEE34AB1EE455BB4EEDF
:10282800C54BF1EE10FA7FF5A1AD22EE066AC6EEB1
:102838000A5A35EEA36A36EE676A8DED1F6A95E58A
:102848007FF5ACADDDED085A9DED1E5AF4EEC55A84
:10285800F1EE10FA00F1B181DDED083ADDED1E1A56
:10286800B7EEE35AB7EEE14AB1EE455BB4EEC54BBD
:10287800F1EE10FA7FF592AD62EEA35A85EE895A11
:1028880075EE215A75EEC65ACDED1E5A86E57FF5CE
:102898009DADDDED1D5A9DED0A5AF4EEC55AF1EED7
:1028A80010FA00F39881DDED0A1A9DED1D1AB7EEB6
:1028B800E15AB7EEC14AB1EE455BB4EEC54BF1EE55
:1028C80010FA7FF583AD63EE215A85EE885A75EECE
:1028D800015A75EEE35ACDED1D5A77E57FF58CADBB
:1028E800DDED195A9DED125AF4EEC55AF1EE10FAC3
:1028F80000F34981DDED121A9DED191AB7EEE15A80
:10290800B7EEC14AB1EE455BB4EEC54BF1EE10FA35
:102918007FF572AD22EE212AC2EE0E5A75EE815A6B
:1029280075EEE77ACDED197A66E57FF57BADDDEDDD
:10293800187ADDED145AF4EEE57AF1EE10FA00F3A8
:102948002F81DDED147A9DED182AB7EEE75AB7EE20
:10295800C24AB1EE455BB4EEC54BF1EE10FA7FF515
:1029680061AD62EEA72AC2EEA67A77EE827A77EE9A
:10297800C67ACDED187A55E57FF568ADDDED167AA6
:10298800F4EEED7AF1EE10FA16D4DDED167AB7EE24
:10299800ED5AB7EEE76AB1EE466BB4EEC65BF1EE00
:1029A80010FA7FF553AD23EE273AC3EE077A77EE98
:1029B800AD7A77EEE3DA49E523EE273AC3EE077AF4
:1029C8007DEEE77A77EEA3DA40E522EEA55AC5EE6A
:1029D800095A74EEE55A75EE865ACDED1E5ADDE4B5
:1029E80062EE065A85EE8A6A35EE466A36EE276A40
:1029F8008DED1F6ABAE422EE252AC2EE0E5A75EE54
:102A0800655A75EEA77ACDED197AF5E423EE255AC5
:102A1800C5EE085A74EEE55A75EEA35ACDED1D5A67
:102A2800D4E461EE861A81EE8C6A35EEC66A76EEDB
:102A3800277ACDED1A7A81E463EE863A83EE816ACD
:102A480035EEC66A76EE277ACDED1B7A5EE426EE81
:102A5800256AC6EE005A75EE655A75EEA77ACDED71
:102A68001C7A3BE462EEA72AC2EEA67A75EEE77AF4
:102A780077EE867ACDED187AD4E4DDED085A22EEA9
:102A8800A55AC5EE095A9DED1E5A75EE855A75EE82
:102A9800C65ACDED1E5A81E4DDED0A5A23EE255AB9
:102AA800C5EE085A9DED1D5A75EE855A75EEE35A26
:102AB800CDED1D5A8AE4DDED125A9DED195A22EE2C
:102AC800252AC2EE0E5A75EE855A75EEE77ACDEDD7
:102AD800197A91E49DED066A62EE065A85EE8A6AD5
:102AE800DDED1F5A36EE256A36EE676A8DED1F6AF0
:102AF8003CE4DDED167A23EE273AC3EE077A77EE4B
:102B0800AD7A77EEE3DAA1E4DDED147A62EEA72A76
:102B1800C2EEA67ADDED186A77EEA67A77EEC67A67
:102B2800CDED187A7EE4DDED0C5A66EE255A85EE79
:102B3800806ADDED1C5A36EE256A76EE677ACDEDB1
:102B48001C7AFFF7CBBB9DED0E6ADDED1B5A63EED9
:102B5800863A83EE816A36EE256A76EE677ACDED9F
:102B68001B7AFFF7D3BB9DED106ADDED1A5A61EEB3
:102B7800861A81EE8C6A36EE256A76EE677ACDED96
:102B88001A7AFFF7DBBB22EE052A9DED195AC2EE31
:102B98000E5A75EE655A75EEA77ACDED197A2BE4C3
:102BA80062EEA52AC2EEA67ADDED186A76EEE77A1D
:102BB80077EE867ACDED187A34E422EEA55AC5EE82
:102BC800095A9DED1E5A75EE655A75EE865ACDED79
:102BD8001E5AFFF7E3BB23EE055AC5EE085A9DEDD2
:102BE8001D5A75EE655A75EEA35ACDED1D5AFFF7BD
:102BF800EDBB61EEA51ADDED1A5A81EE8C6A35EE51
:102C0800C66A76EE277ACDED1A7AFFF797BB62EEA1
:102C1800255A85EE8A6ADDED1F5A35EEC66A36EE0C
:102C2800276A8DED1F6AFFF7A1BB66EE255A85EE70
:102C3800806A35EE466A76EE277ACDED1C7AFFF784
:102C48004DBB63EEA53ADDED1B5A83EE816A35EE86
:102C5800C66A76EE277ACDED1B7AFFF757BB00BF21
:102C680010B54FF0814204464FF07A5300200021FE
:102C78004FF07E5CA0602260C0226360C1230848D8
:102C880062614FF40042206104F12400C4F80CC0D2
:102C9800E161A361216211F05BFF204610BD00BF16
:102CA80000803B474FF081434FF07A514FF07E5CF4
:102CB800002210B5036004460B4B243040F8201C5A
:102CC800002140F81C2C4FF4004240F8143C40F816
:102CD80018CC11F03DFF0023C021C122C4E90733FD
:102CE800C4E9051210BD00BF00803B4790ED047A8F
:102CF800B5EEC07AF1EE10FA05D8DFED157AB0EE30
:102D0800677AC0ED047AD0ED007ADFED126A67EEDB
:102D1800A67A67EE877AFDEEE77A17EE903A002BEF
:102D280009DDB3F5805F0BDB40F6FF73436140F6C6
:102D3800FF738361704701220223C0E905237047AE
:102D48005A1CB2F5805FC0E90532F0D0F2E700BF47
:102D580000803B476F12833A2DE9F0470021E6488F
:102D68000027DFF828940124E44EDFF82484E44D9A
:102D78002DED048B88B0F7EE008A01F081F8102160
:102D8800DD4800F0A5FFDC4800F0B8FF3946DD4A11
:102D980009F10C00B0EE408A11F0DAFE3946D94A42
:102DA800D9489FEDDA9ADFEDDA9AC9E9017411F092
:102DB800CFFED84BDFEDD87A03F5086AD748DFF89D
:102DC800D4C303F2FC72CAED007A03F6041AD4499C
:102DD800CAED007A03F5296ADFEDD27A1160CAEDEF
:102DE800007A03F6881AC3F8DC03CAF8006003F611
:102DF8000C2AC3F85062CAF8006003F2EC5AC3F810
:102E0800D462CAF8000003F61C4AC3EDD67ACAF8A1
:102E1800000003F58C6AC3ED008ACAF8000003F2CB
:102E2800E44AC3ED018ACAF8000003F5AD6AC3EDB0
:102E3800148ACAF8000003F6143AC3ED168ACAF8D1
:102E4800000003F6983AC3ED188AC3ED158AC3ED5E
:102E5800178AC3ED198AC3ED1A8AC3ED1C8AC3ED1C
:102E68001E8AC3ED1B8AC3ED1D8AC3ED1F8ADFEDE1
:102E7800AE7ADFF824E3AD49AD4AC8E90174CAF86F
:102E8800000003F5EF6AAB48C3F8BCC0C3F8D8C06C
:102E9800C3F8D4C0C3F8D0C003F5CE6CCAED007A2D
:102EA800CCF8000003F2F46CDFEDA37ACCF8000054
:102EB80003F25C40C3ED307A80ED008A03F59C6034
:102EC800DFED9E7A80ED008A03F26450C3ED2E7A1E
:102ED80080ED008A03F5BD60DFED997A80ED008A08
:102EE80003F26C60C3ED2D7A80ED008A03F5DE6095
:102EF800DFED947A80ED008A03F27470924C80EDD5
:102F0800008A03F68410C3ED2C7A80ED008A03F65C
:102F18000820DFED8E7A80ED008A03F68C20DFF83A
:102F28007CC280ED008A03F53160C3F8CCE080ED07
:102F3800008A03F69430C3F8C8E080ED008A03F6EF
:102F48001840C3F8C4E080ED008A8148DFF850E2F9
:102F5800C3ED2B7A83ED938A83EDB48A83EDD58A0A
:102F680083EDF68A0E60A860A0607A48C5F800E094
:102F7800C4F800E0C5F804C0C4F804C0166081EDC8
:102F8800078A82ED078A81ED019A81ED039A81ED26
:102F9800049A81ED059A81ED069A81ED029A82EDF7
:102FA800019A82ED039A82ED049A82ED059A82EDE8
:102FB800069A82ED029A85ED058A84ED058A85EDEB
:102FC800039AC5ED048A84ED039AC4ED048AFFF7D9
:102FD80069FEB4EEC98A5F485F4D6C46F1EE10FA9F
:102FE80088BFF0EE489AC0ED049AFFF77FFE5B4871
:102FF800FFF758FE5948C0ED049AFFF777FEB7EE81
:10300800C87ADFED570A9FED3A6B0FCD27EE067BA6
:1030180005F110060FC495E80F00B7EEC70B84E85A
:103028000F00022269464F4802F002FBA5F1100E7C
:10303800EC46F0EE680AB0EE490ABEE80F00ACE8CC
:103048000F0095E80F0084E80F003A4669464648A5
:1030580002F0EEFAEC46F0EE680AB0EE490A0FCE3E
:10306800ACE80F0096E80F0084E80F003A4669467E
:103078003E486F4602F0DCFAA6F1100CDFED3C0A80
:103088009FED3C0ABCE80F000FC796E80F0084E8E4
:103098000F0069460222384802F0CAFAF6EE087AAA
:1030A800364AA5F17800364B28EE278AFDEEC87A15
:1030B80082ED008A334A17EE901AB8EEE77A82ED6D
:1030C800008A994238EE478A28BF194689ED008A56
:1030D800C9F80810C8F8081088ED008A00F010FE3A
:1030E8002949A5F1780000F0F1FDFEE7AFF3008073
:1030F8009A9999999999A93FC884002400803B44DA
:10310800BC240124005307000C0000C0000000008C
:1031180000803B47201801240000FA4200E02B45BC
:103128000000A04100002F4300401C46A8170124BE
:10313800C81701240040CE4596438B3D77BE1F3DFE
:10314800C520303D295C0F3DD4240124E3A51B3D57
:103158000AD7A33DEC24012430850024A4040024CC
:103168000060EA47E8170124FC0300243404002423
:1031780000409C46000048436C04002418A5012424
:10318800BFD4010010A50124A93A00080C5307C0B8
:10319800000000C0B6F3FD3C2506813D6F12033BDD
:1031A8003333733F0000000070B505466E480C4687
:1031B8002DED028B02F064F96C4885ED000A02F0EF
:1031C8005FF96B4B84ED000A1B68002B4BD0012B79
:1031D80046D1684802F05CFA674B684883ED000AFC
:1031E80002F056FA664D674B674883ED000A02F015
:1031F8004FFAD5ED077AB0EE407A644EF5EEC07A14
:1032080086ED000AF1EE10FA40F299809FED608A8F
:10321800B4EEC87AF1EE10FA31D85E4CD5ED017AE9
:10322800D4ED076A77EEA77A85ED008AF4EEC86ACE
:10323800C5ED027AF1EE10FA40F28C80B7EE005B31
:10324800DFED537A94ED017AC4ED007AB7EEC76AE0
:1032580086EE057B37EE067BB7EEC77B84ED027AF8
:10326800BDEC028B70BD4C4802F012FA4B4A4C4B35
:1032780082ED000A2268BDEC028B1A6070BD9FEDDA
:10328800385BB7EEC77A95ED076A424CB7EEC66A67
:1032980027EE057B87EE060BB7EEC00B11F0ECFAB4
:1032A800F7EE006A95ED016AB7EE004BDFED3D7A67
:1032B80036EEC00AD4ED073AB7EEC65A96ED007A54
:1032C800F5EEC03A88FE008A87FEC88AB7EEC86A5B
:1032D80085ED008AF1EE10FA34EE464B85EE046B6C
:1032E80036EE056BB7EEC66B85ED026A32D99FEDF7
:1032F800288AB4EEC87AF1EE10FA9FD9B7EEC77AE9
:1033080094ED076A9FED165BB7EEC66A27EE057B5C
:1033180087EE060BB7EEC00B11F0AEFAB7EE007AE7
:10332800DFED207AB7EE005B37EE400A88FE008AB0
:10333800C7FEC87AB7EEE76A35EE465B82E79FEDCF
:10334800148A194BB4EEC87AEB61F1EE10FA7FF6E5
:1033580064AF94E7144BE361C9E700BFAFF30080A3
:10336800F1D4C853FB2119C03085002450850024AE
:1033780024A501243404002428A50124FC030024E6
:10338800A81701241CA501246C04002414A50124F9
:1033980000000000C8170124E817012418A501241B
:1033A80020A5012477BE7F3F00803B4710B5214C04
:1033B800B0EE401A2368012B2DED028BB0EE608A27
:1033C8001FD09FED1D0A21EE000A73BBF0EE410AE3
:1033D8001A4802F0DBF92368012B1CD09FED160A6E
:1033E80028EE000AF3B9F0EE480AB0EE481A14487D
:1033F80002F0CCF91348BDEC028BBDE8104000F098
:103408009FBCDFED0D0A0D4860EE200A02F0BEF900
:103418002368012BE2D1DFED080AB0EE480A68EE16
:10342800200AE2E7B0EE408ADDE7B0EE401AF0EE9F
:10343800400ACDE724A5012400000000A08500244F
:10344800F4850024C88400240023134A134814492F
:1034580010B5144C82B01360134A036020460B6009
:10346800136000F051FC204600F05AFC01A96846A0
:10347800FFF79AFE94F8443003B1636E0B4ADDED12
:10348800010A11689DED000A5B1803F0010313603F
:10349800FFF78CFF02B010BD28A501241CA501244C
:1034A80020A50124C884002418A5012424A50124EA
:1034B800534B544AD3ED007A92ED007ADFED526A0D
:1034C80037EE677ADFF854C12DE9F04FE7EE267A38
:1034D8004E4EDCF80470B7EE007A4D4CDFF840E150
:1034E8004C4DFDEEE76AC3ED007AD5F8049016EE70
:1034F800903AF8EEE66AB34277EEE67A28BF3346AA
:10350800DA19AB60CCF808304B44A4FB028B02F10B
:10351800010AC5ED007A4FEADB3BCCED007A0EFBE1
:103528001B220CEB8202D2ED036AA4FB0A82D20BA7
:103538000EFB12AAA4FB03820CEB8A0AD20B9AEDAB
:10354800036A03F1010A0EFB123236EE666A05EBD6
:103558008202E7EE866AC0ED006AD2ED037AA4FB28
:103568000A2395ED006ADB0B2B4A0EFB13AA0CEB22
:10357800870337444E4405EB8A0A05EB8909DAEDDF
:10358800036A76EEE76AE6EE867AB0EE406AC1ED47
:10359800007AD0ED007AD2ED006AA7EEA66A77EE3F
:1035A800667A27EE800A83ED036AB0EE606AD0ED92
:1035B800007AA4FB0732A4FB0643A6EEA70AD20BA7
:1035C800DB0B0EFB1277144A0EFB1366CCF8047063
:1035D80080ED000AD2ED006AD1ED005A77EE667AE6
:1035E8006E60A5EEA66A27EEA07A89ED036AD1ED92
:1035F800007AA6EEA77A81ED007ABDE8F08F00BFC9
:1036080010A5012418A50124F7CC9238BFD40100D5
:1036180073B2E745000000C020A501240C5307C081
:10362800C0D401002DE9F0410546DF480C46DF4FC4
:103638002DED048BF0EE408AFDF794FEDC4BB7EEDF
:10364800006ADFEDDC6A0646D3ED007A7B69C6FEC8
:10365800A76AC6FE666A36EE666AD74A002BC7EDC9
:10366800026AC2ED026A87ED036A82ED036A90ED91
:10367800007A40F3B181B969C3F58053C1F580512F
:10368800D7F820C0F0EE475AF8696144D7ED017ABF
:103698000344D1F1000EC1F30B01CEF30B0E58BF5A
:1036A800CEF10001D3F1000EC3F30B03CEF30B0EE2
:1036B80058BFCEF1000307EB830393ED095A41F29B
:1036C80008031944E5EE275AB0EE475A0CEB030EEF
:1036D80007EB81010CF10103D1ED014A07EB8E01E3
:1036E800A4EEA75A81ED015A411C07EB8000C0EDFA
:1036F800095A4842C1F30B01C0F30B0058BF4142BD
:10370800F9615942C3F30B03C1F30B0158BF4B4294
:103718003B625369002B40F326819169C3F58053BE
:10372800C1F58051D069F0EE683A176AB0EE684A80
:10373800034492ED015A39449FEDA08AD3F1000C5D
:10374800C3F30B03DFED9E7AB3EE080ACCF30B0C40
:10375800DFF8788258BFCCF10003D1F1000C02EBFE
:103768008303D3ED095AC1F30B03CCF30B01A5EE88
:10377800854A58BF4B4241F208010B44394401378E
:1037880002EB830302EB8101D3ED014AE4EE853AB3
:1037980024EE888AA5EEA78AD8ED005AC1ED013A31
:1037A800411C65EE877A02EB80004B42C1F30B01A6
:1037B80080ED094AC3F30B0367EE807A28EE268A68
:1037C80058BF59427F4BB0EEE77AD3ED036AA8EEB3
:1037D800868AD1617942B4EEE67AC7F30B07C1F362
:1037E8000B0137EE667A58BF4F42F1EE10FA1762B6
:1037F800CCBF93ED016A93ED026AE6EE076A93ED9A
:10380800007AB4EEE67AC3ED036AF1EE10FA40F1FD
:10381800958087EE266AB5EEC06AF1EE10FA01D5FA
:103828009FED646A93ED047AB7EE009AB4EEC67A17
:1038380036EE476AF1EE10FA4CBFD3ED016AD3EDCC
:10384800026AA6EE867A27EE870A83ED047AB4EE3A
:10385800C90AF1EE10FA74DCBFEE007AB4EEC70ABA
:10386800F1EE10FA00F1E080F7EE006A564BB3EE85
:10387800085A76EEE56A26EEA87AA0EE257A85ED56
:10388800007A96ED010A98ED006AD3ED037A26EEE8
:10389800000A20EE050AB0EEC07AB4EEE77A37EEF9
:1038A800677AF1EE10FACCBFD3ED016AD3ED026A64
:1038B800E6EE877AD3ED006AF4EEE76AC3ED037AA1
:1038C800F1EE10FA37D586EEA77AB5EEC07AF1EEAA
:1038D80010FA01D59FED377AD3ED047AF7EE008A16
:1038E800F4EEC77A37EE677AF1EE10FA4CBFD3EDF3
:1038F800016AD3ED026AE6EE877A20EE270AC3ED65
:10390800047AB4EEE80AF1EE10FA23DCFFEE007A4E
:10391800B4EEE70AF1EE10FA7FD4F7EE006A76EE1D
:10392800C66A26EE888AA0EE068A84ED008ABDEC77
:10393800048BBDE8F081B7EE007ACDE7B7EE006AF8
:1039480070E7B1EE400A10F097FFD8ED005A39EE53
:10395800400A89E7B1EE400A10F08EFF98ED006A40
:1039680038EEC00AD9E7D2ED045AF5EEC05AF1EEA6
:1039780010FA79D9D2ED007A9FED155A67EE857A5B
:1039880067EEA57AFDEEE77A17EE903A002B62DD36
:10399800B3F5805F79DB40F6FF735361012340F68E
:1039A800FF7191610121BDE620180124EC24012456
:1039B8001CA5012400000000A40400246666E63E5D
:1039C800CDCC0C3FBC240124D424012428A50124F7
:1039D8006F12833A00803B47D7ED045AF5EEC05A80
:1039E800F1EE10FA30D9D7ED007A1FED075A67EEDD
:1039F800857A67EEA57AFDEEE77A17EE903A002B06
:103A080019DDB3F5805F36DB40F6FF737B61012378
:103A180040F6FF71B961012132E610F02DFF98EDF3
:103A2800006A30EE680A78E710F026FFD8ED005AF1
:103A380030EE490A18E701230221C7E9053140F6AB
:103A4800FF73C1F580511BE65FED1E7AF0EE675AF1
:103A5800C7ED047AC7E701230221C2E9053140F620
:103A6800FF73C1F580515DE65FED267AF0EE675A87
:103A7800C2ED047A7EE7591CC7ED057AC3F5805379
:103A8800B1F5805FB961DCD1C2E7591CC2ED057A96
:103A9800C3F58053B1F5805F9161E2D17FE700BF44
:103AA8002DE9F041174682B005460C46FFF7CCFCDD
:103AB80067B3013F0026DFF85C807F080EE0FFF760
:103AC800B1FD0099019B6360BE4206F101032160CC
:103AD80005F1080504F108041E4617D0D8F800308F
:103AE80095ED000AD5ED010A4BB10022012B01A981
:103AF80068461346E3D0114601920092E3E701A914
:103B08006846FFF7D5FC0099019BDCE702B0BDE8E9
:103B1800F08100BF24A501242DE9F0474F4D002670
:103B28004F4C2E6005F5C0706E612E62EE6301F099
:103B380065FD40F20F7305F514714A4AA5F83C3249
:103B480040F20113C5F890612846C5F84862C5F8E7
:103B580038222246C5F84C62434F444EDFF860A134
:103B6800DFF86091DFF86081C5E99013404910F0F3
:103B78007DFE404D22464049404810F077FE2246DF
:103B88003D493F4810F072FE2846FCF755FD224695
:103B98003C49284610F06AFE00253B4822463B492E
:103BA8004560C5600760056145618561C6618560DE
:103BB80010F05CFE36482246344907604FF07E57C5
:103BC8004560C560056145618561C661856010F025
:103BD8004DFE304822463049C5604661C0F800A015
:103BE8000761C0F80490C0F8088010F03FFE2B4829
:103BF80022462949C5602A4DC0F800A0C0F80490A3
:103C0800C0F808800761466110F030FE2846FFF7CB
:103C180027F82846234D2246234910F027FE284638
:103C2800FFF71EF822462049284610F01FFE2246BC
:103C38001E491F4810F01AFE22461C491D4810F064
:103C480015FE224619491C4810F010FE2246174955
:103C58001A48BDE8F04710F009BE00BFC884002428
:103C6800000000240080707FCDCCCC3D00803B4715
:103C780029060008201801243D0600080C5307C037
:103C8800000000C02D060008A8170124310600080E
:103C9800C8170124BC24012435060008D4240124B3
:103CA800EC240124A4040024390600082506000891
:103CB800E81701246C04002434040024FC030024C5
:103CC8003333733F6F12033B0AD7A33D00F06EB93D
:103CD80038B5044600F072F9D4F8A850204600F030
:103CE80089F9284601F0F0FBD4F8AC50204600F0E2
:103CF80081F92846BDE8384001F0E6BB00F05AB922
:103D0800183001F0EBBF00BF10B50446683001F071
:103D1800B7FB04F18800BDE8104001F0B1BB00BF5B
:103D280010B50446403001F02BFC04F1B00001F05E
:103D380085FD04F1C000BDE8104001F07FBD00BF63
:103D480010B50446D83001F051FD04F59670BDE871
:103D5800104001F04BBD00BFF0B54FF481718FB03A
:103D680000F1D80701254FF4C0624FF4E063ADF8C5
:103D7800081000F5967402993846ADF80C2008AE84
:103D8800ADF810300095DDE9032301F0D7FC40F2CF
:103D980001134FF480722046ADF814304FF480635D
:103DA800059900950BADADF81820ADF81C30DDE98C
:103DB800062301F0C3FC3046072104F0EBFE96E829
:103DC800070085E807002946384601F0F9FC96E81F
:103DD800070085E807002946204601F0F1FC38462F
:103DE80001F004FD20460FB0BDE8F04001F0FEBC34
:103DF8002DE9F04140F2024304460222002504F175
:103E0800180704F1A8062DED028B8EB09FED1B8AD2
:103E1800ADF80C3005A8039901F03EFD02220DF122
:103E28002600ADF81020049901F036FD0423022283
:103E380005A9384601F044FD04F1680204F188033D
:103E4800C4E92A232946384656F8048B01F05CFF5A
:103E580001462046019100F0CDF80023F0EE480A13
:103E6800019940461A4601F0D9FA25B10EB0BDECC9
:103E7800028BBDE8F0810125E4E700BF6F12033B28
:103E88002DE9F04104469AB00027019100F08CF822
:103E98000199204600F06EF940F6061304F1B006C9
:103EA8009FED400AADF8143004F1C005304605997D
:103EB80001F0AAFC4FF4007328469FED3A0AADF8CA
:103EC800183004F5C878069901F09EFC40F60332D4
:103ED80040F201639FED330AADF8082004F1400079
:103EE8000299ADF80C70C4F8D0600FAEC4F8D45085
:103EF80007ADADF81030DDE9032301F011FB2046D2
:103F0800FFF72AFF2046FFF773FF284601F076FBEC
:103F180001230DF12C0E04F5C07C1593189347F678
:103F28001223169719930223179395E80F008CE82C
:103F38000F008EE80F0086E80F00BDF8403014909F
:103F4800ADF84E30BDF84230D4E9625EADF84C3081
:103F5800C4E9655EBEF1000F04D0724639462846B2
:103F680010F0F6FD13A9404604F078F804F5D27075
:103F780001F058FB3021204600F020F8D4F8A85072
:103F8800204600F037F8284601F09EFAD4F8AC50E5
:103F9800204600F02FF828461AB0BDE8F04101F09D
:103FA80093BA00BF00000000704700BF143001F052
:103FB8000DBA00BF143001F005BA00BF38B500F1E2
:103FC800140504462DED028B284601F0EDF928462C
:103FD80001F0F8F92846B0EE408A01F0E1F9D0ED99
:103FE800007AF8EE677A88EE277ABDEC028B84EDCA
:103FF8000E7A38BD90ED0E0A704700BF10B540F23A
:1040080003338EB000244FF60B7240F20341ADF833
:10401800083009A80123ADF81020ADF82420224665
:10402800ADF80C100094029907940C94CDE905445E
:10403800CDE90A4401F06AFF04A801232246039946
:10404800009401F063FF09A802F046F810B90120B6
:104058000EB010BD04A802F03FF8A0420CBF022029
:1040680020460EB010BD00BF2DE9F04103239AB0E1
:10407800012700240646CDE914373B4BCDE9104310
:1040880040F20453CDE91647ADF84830FFF7B6FFC4
:10409800B842054625D0022845D040F60132334BB8
:1040A8000DF12C081894ADF82C200B981997CDF821
:1040B8004A3000F0E3F810A906F13C0003F054F888
:1040C800302003224FF07E5341460D930E93CDE9E5
:1040D8000B02F26B06F1140001F02AF91AB0BDE8E0
:1040E800F0811023214A06A906908DF828300DF199
:1040F8002C081F4BCDF84A2007930294CDE91804E9
:10410800CDE9080402A802F067FA0823029A03A975
:104118004046ADF80C508DF80E40049505930B946D
:1041280000F0ECF8C7E700200121104B0DF12C0836
:104138003A460094CDF84A304FF60B730C94ADF81C
:104148002C302346CDE9180140F601314046ADF840
:1041580018100699CDE90D4401F0D8FE21464046D5
:1041680001F0C6FFA7E700BF040204040406040325
:104178000704010B2DE9F04704462DED028B82B0B0
:1041880000294DD0012140F2011200230091ADF821
:1041980004208DF80630364A0127364B04F104090D
:1041A800354904F12908626040F20272A36040F6C2
:1041B8000663E16004F1250AA4F82520A4F8293053
:1041C800278284F8277084F82B7004F05FFB05467B
:1041D80004F0C2F96946064650BB4DB304F13000FD
:1041E8008DF8067004F0DAFA072D3CD104F11405B5
:1041F8002046FFF739FF284601F0E4F82846B0EEDC
:10420800408A01F0CDF8D0ED007AF8EE677A88EEB2
:10421800277A84ED0E7A02B0BDEC028BBDE8F087F8
:1042280040F2011300918DF80610ADF80430B2E7A2
:1042380004F1300004F0B2FA072D11D049462046A7
:1042480002F012FC0EB9002DD0D1504601F05AFFF1
:10425800404601F057FF04F1120000F079F9C5E774
:10426800002EF2D1C2E74946204602F0FDFBBDE729
:104278000508050905070506050A060610B584B0F0
:1042880003460124ADF8040003A8ADF80C30ADF8DE
:104298000E4001F037FF214603A802F01DF8204622
:1042A80004F058F9002103A802F016F8204604F09B
:1042B80051F9214603A802F00FF804B010BD00BF61
:1042C80010B5C2F3002384B00C46017C8DF80D2094
:1042D80043EA4402FA2402238DF80C2003AA00942E
:1042E80002F010FA18B10124204604B010BD0446AB
:1042F8000A2004F02FF9204604B010BD034670B51B
:1043080043F8042B044684B007C983E80700A3795F
:1043180083B91A210B461E22FA2523742046ADF8CC
:104328000C20022303AA009502F0ECF928B1012021
:1043380004B070BD1B210B46EDE70A2004F00AF912
:104348004FF4B85200950223ADF80C20204603AA7A
:10435800217C02F0D7F90028E9D10A2004F0FAF804
:1043680041F2027200950223ADF80C20204603AA00
:10437800217C02F0C7F90028D9D10A2004F0EAF814
:10438800042200950223ADF80C20204603AA217CC4
:1043980002F0B8F90028CAD10A2004F0DBF8062296
:1043A80000950223ADF80C20204603AA217C02F0D8
:1043B800A9F90028BBD10A2004F0CCF841F2082260
:1043C80000950223ADF80C20204603AA217C02F0B8
:1043D80099F90028ABD10A20064604F0BBF80095ED
:1043E800022303AA217C2046ADF80C6002F08AF96A
:1043F80000289CD1304604F0ADF8009522790C23B2
:104408002046002A8DF80C3003AA4FF0020314BF8F
:10441800622142218DF80D10217C02F073F90028E9
:1044280085D1304604F096F82279D4E902310B435D
:10443800DBB20AB943F0400362790AB143F02003C2
:104448000E22FA258DF80D302046009502238DF8AE
:104458000C2003AA217C02F055F900287FF467AFED
:104468000A2004F077F8102200950223ADF80C20FA
:10447800204603AA217C02F045F900287FF457AFB3
:104488000A2004F067F8122100950223ADF80C10F9
:1044980003AA217C204602F035F900287FF447AFB3
:1044A8000A2004F057F8012209212046FFF708FFE7
:1044B800003818BF01203BE7F0B5102387B0234C24
:1044C800012200250126002702A920460195CDE9F1
:1044D80002234FF48052CDE904670AF09FFF64205D
:1044E80004F08AFC02A94FF480522046CDE9046703
:1044F80002261027CDE902670AF090FF0322102355
:1045080002A92046CDE9022300230422CDE9042391
:104518004FF480520AF082FF40F23223042202A9AB
:10452800019310232046CDE90223019A0123059225
:104538004FF4805204930AF071FF40F606012046BA
:104548000AF08CFF284607B0F0BD00BF34A501244F
:104558001C4B00221C494FF0400C30B5054689B071
:104568000220596007219A601A620124DA620A223D
:104578004FF4006EDC6006922022CDE90001042091
:104588000821CDE9020103201021CDE9040108200A
:104598006946C3E904024FF4C072181DC3E906C294
:1045A8004FF48052C3E909E20AF00EFF38B92846F1
:1045B800FFF782FF003818BF012009B030BD204640
:1045C80009B030BD30A5012440410052614A0021A4
:1045D800D0B513688EB00A91002B40F0B9805E4BBD
:1045E80001214FF683700C2411600221D3F8D420E6
:1045F8000026032742F48052C3F8D420D3F8D420ED
:1046080002F480520092009AD3F8E02042F010029F
:10461800C3F8E020D3F8E02002F010020192019ADA
:10462800D3F8E02042F04002C3F8E020D3F8E020BD
:1046380002F040020292029AD3F8E02042F0080207
:10464800C3F8E020D3F8E02002F008020392039AAE
:10465800D3F8E02042F48072C3F8E020D3F8E020D9
:1046680002F480720492049AD3F8E02042F08002A7
:10467800C3F8E020D3F8E02002F080020592059A02
:10468800D3F8E02042F02002C3F8E020D3F8E0207D
:1046980002F020020692069AD3F8E02042F00402C3
:1046A800C3F8E020D3F8E0300C9403F00403079338
:1046B8000323079A0B93CDE9080108A9274806F0B8
:1046C80021FA48F23712022308A925480C94CDE9AB
:1046D8000823CDE90A6706F015FA4CF203720223A3
:1046E80008A920480C94CDE90823CDE90A6706F00B
:1046F80009FA40F2FF62022308A91B480C94CDE98D
:104708000823CDE90A6706F0FDF94FF60C7202237B
:1047180008A916480C94CDE90823CDE90A6706F0E4
:10472800F1F94FF63F02022308A911480C94CDE98C
:104738000823CDE90A6706F0E5F92022022308A933
:104748000A480C94CDE90A67CDE9082306F0DAF99E
:104758000EB0D0BD2CA50124004402580010025808
:1047680000180258000C025800200258001C025879
:10477800001402582DE9F04FDFF8108406460D4664
:10478800144608F118002DED028B89B000AF02F035
:10479800E3FDD8F8183073B3D8F81C30D8F8049073
:1047A800002B43690BBF4FF0080A4FF0100A4FF077
:1047B800020B4FF0040BB9F1000F2AD0A200EA4611
:1047C800012B02F1070222F00702ADEB020D684649
:1047D800ADEB020D694600F03F81022B00F0D68058
:1047E800002B6FD02246C847D5462437BD46BDECBE
:1047F800028BBDE8F08FD8F81C30002BF5D0D8F824
:1048080004904FF0080A4FF0020B4369B9F1000F0A
:10481800D4D1FB61D8F80030BB61002BE5D0D54876
:1048280002F00CFE6B46BBF1020F786108EE103AFD
:10483800FB6900F083816A465146A2EBC4029546A3
:104848006200EA46B2FBFBF2AAEBC40085460AEB1B
:104858008200EE46F861ADEB010DF8690EEB820CB3
:10486800C7F810C0EC46ADEB010D00EB8201CCF8A7
:104878000400CCF8081001EB82013869E946CCF84D
:104888000C1000EB8201CCF800A001EB8202C9E910
:1048980000E0C9E90212012B00F06483022B00F04A
:1048A8006C82002B00F08081620849466046BB6933
:1048B800984718EE103A24379D46BD46BDEC028B4A
:1048C800BDE8F08F002C8DD01A46D8ED0C6A9FED0C
:1048D800B27A8446331D36F922E00CF1080C07EE53
:1048E80090EA33F922E00232F8EEE77A944267EE72
:1048F800877A67EEA67A4CED027A07EE90EAF8EE30
:10490800E77A67EE877A67EEA67A4CED017AE2D805
:10491800F9612246C847984ED8ED0D6A0020F9691A
:104928002B1D9FED9E7A9FED9E6ADFED9E5A22E039
:10493800F4EEC67AF1EE10FAC0F2C88447F6FE72B9
:10494800D1ED017A45F8202066EEA77AF4EEC77A11
:10495800F1EE10FA40F2F080F4EEC67AF1EE10FAB9
:10496800C0F2D58447F6FE7243F8202002300831A1
:1049780084427FF639AFD1ED007A66EEA77AF4EE7D
:10498800C77AF1EE10FAD3D83246D9E7002C3FF4B3
:1049980029AFD8ED0C6A84469FED787A0022331D42
:1049A8008E4656F822100CF1080C07EE901A53F8B0
:1049B80022100232F8EEE77A944267EE877A67EEC1
:1049C800A67A4CED027A07EE901AF8EEE77A67EECF
:1049D800877A67EEA67A4CED017AE2D871462246CC
:1049E800C7F81CE0C847664ED8ED0D6A0020F96983
:1049F8002B1D9FED6A7A9FED6A6ADFF894C120E06B
:104A0800F4EEC67AF1EE10FAC0F279843246D1EDAE
:104A1800017A45F8202066EEA77AF4EEC77AF1EE1F
:104A280010FA40F28780F4EEC67AF1EE10FAC0F27E
:104A38005E84324643F820200230083184427FF6F3
:104A4800D3AED1ED007A66EEA77AF4EEC77AF1EE2E
:104A580010FAD5D86246DAE7002C3FF4C3AED8ED99
:104A68000C6A86469FED477A4FF0000C331D56F8C6
:104A78002C200EF1080E82F40002A2F5000207EEC7
:104A8800902A53F82C200CF1020CF8EEE77A82F405
:104A980000026445A2F5000267EE877A67EEA67AFF
:104AA8004EED027A07EE902AF8EEE77A67EE877AFB
:104AB80067EEA67A4EED017AD9D8F9612246C84741
:104AC800314ED8ED0D6A0020F9692B1D9FED337A20
:104AD8009FED336ADFF8BCC01FE0F4EEC67AF1EE52
:104AE80010FAC0F2FC833246D1ED017A45F8202055
:104AF80066EEA77AF4EEC77AF1EE10FA18D9F4EE5A
:104B0800C67AF1EE10FAC0F2DA83324643F8202072
:104B18000230083184427FF667AED1ED007A66EE46
:104B2800A77AF4EEC77AF1EE10FAD6D86246DBE738
:104B38006246EBE762467DE7324615E7A100D646B6
:104B48006208073121F00701ADEB010DEA46ADEB34
:104B5800010D6946ADEB0E0D0AEB8200EC46ADEB9C
:104B68000E0D01EB8202F861E946CCE900A0C9E923
:104B7800001290E684A501240280FFFF00000030A7
:104B88000082FF7F0000003482FF7F0068A50124B7
:104B9800007E00807E0080FF0000003804FF7FBF99
:104BA80004FF7F3F00FEFF46002C00F0C982BBF1E6
:104BB800020FD8F8242000F0FA827969C7F8049027
:104BC80002EB810E5FED0C5A8A00DCF808100EF13A
:104BD80004007A611A46DCF80C303B61331DD7F8C3
:104BE80010903D61FD69C7E902CB8C46834636F9D2
:104BF8002210D8ED0C7A06EE101A33F9221006EEC0
:104C0800901A3EF92210B8EEC66A07EE101AF8EEAE
:104C1800E66A3BF92210B8EEC77A26EE256A66EEF8
:104C2800A56A27EE257A26EE276A66EEA76A27EE9A
:104C3800277A07EE901A51080232F8EEE77A0AEB63
:104C48008100944280ED006A05EB810067EEA57A49
:104C5800C0ED006A0CEB810009EB810180ED007A60
:104C680098ED0C7A67EE877AC1ED007ABFD8D7F84D
:104C780004903D69D7E902CB60466208BB694946A2
:104C88009847D8F82C307A69D8ED0D6A1A441FED88
:104C98003D7A1FED3D6A2B1D904602F1040A5FED37
:104CA8003F5A0022A84ED9E900EC51E0F4EEC67A4A
:104CB800F1EE10FAC0F2C78247F6FE7045F82200FE
:104CC8000CEB0100D0ED007A66EEA77AF4EEC77A15
:104CD800F1EE10FA4BD9F4EEC67AF1EE10FAC0F202
:104CE800BA8247F6FE70BBF1020F43F822002BD0C0
:104CF800D9F808000844D0ED007A66EEA77AF4EEF9
:104D0800C77AF1EE10FA36D9F4EEC67AF1EE10FA57
:104D1800C0F2CD8247F6FE7048F82200D9F80C00A0
:104D28000144D1ED007A66EEA77AF4EEC77AF1EE87
:104D380010FA1ED9F4EEC67AF1EE10FAC0F2AF827C
:104D480047F6FE714AF82210023294427FF6B1AD5E
:104D580051080EEB81008900D0ED007A66EEA77A43
:104D6800F4EEC77AF1EE10FAA0D83046A6E730463E
:104D7800B9E73146E6E73046CEE7002C00F0E0819F
:104D8800BBF1020FD8F8243000F0E1817A69DCF831
:104D9800081003EB820EC7F804909300DFED6B5AFE
:104DA8000EF1040000227B61DCF80C303B61331DFE
:104DB800D7F810903D61FD69C7E902CB8C46834660
:104DC80056F82210D8ED0C7A07EE101A53F8221074
:104DD800B8EEC76A07EE101A5EF82210F8EEC76A36
:104DE80007EE101A26EE256A5BF82210B8EEC77A8D
:104DF80066EEA56A26EE276A27EE257A66EEA76A8A
:104E080027EE277A07EE901A51080232F8EEE77A71
:104E18000AEB8100944280ED006A05EB810067EEA1
:104E2800A57AC0ED006A0CEB810009EB810180EDE9
:104E3800007A98ED0C7A67EE877AC1ED007ABFD8D0
:104E4800D7F804903D69D7E902CB60466208BB6990
:104E580049469847D8F82C307A69D8ED0D6A1A4433
:104E68009FED3E7A9FED3E6A131D9246DFF8E4C03F
:104E78000022FB612B1D364ED9E9008E4EE0F4EE80
:104E8800C67AF1EE10FAC0F2FC81304645F82200ED
:104E98000EEB0100D0ED007A66EEA77AF4EEC77A41
:104EA800F1EE10FA49D9F4EEC67AF1EE10FAC0F232
:104EB800EF813046BBF1020F43F822002AD0D9F81F
:104EC80008000844D0ED007A66EEA77AF4EEC77AB7
:104ED800F1EE10FA35D9F4EEC67AF1EE10FAC0F216
:104EE800C98130464AF82200D9F80C000144D1EDB6
:104EF800007A66EEA77AF4EEC77AF1EE10FA1ED9B8
:104F0800F4EEC67AF1EE10FAC0F2AD813146F869D6
:104F180040F82210023294427FF6CBAC510808EBDD
:104F280081008900D0ED007A66EEA77AF4EEC77AA0
:104F3800F1EE10FAA3D86046A8E76046BAE76146E2
:104F4800E5E76046CEE700BF0280FFFF00000030C3
:104F58000082FF7F007E00800000003404FF7FBFD6
:104F680004FF7F3F002C00F0EB807A690021D8F81D
:104F78002430C7F8109003EB820ED7F81C909300EA
:104F8800FD610EF104021FED0C6A7B61331D1546AD
:104F980056F821204808D8ED0C6ABBF1020F82F4BC
:104FA8000002A2F5000207EE902A53F8212082F4AD
:104FB8000002B8EEE77AA2F5000227EE067A07EEBD
:104FC800902A0AEB8002F8EEE77A27EE267A67EE57
:104FD800867A82ED007A09EB80024FEA800067EE5C
:104FE800A67AC2ED007A27D05EF8212082F400026A
:104FF800A2F5000207EE902A55F8212082F400025B
:10500800B8EEE77AA2F5000227EE067A07EE902AB4
:10501800DCF80820F8EEE77A024427EE267A67EEF5
:10502800867A82ED007A98ED0C7ADCF80C2067EE2F
:10503800877A0244C2ED007A02318C42A8D8D7F8A8
:10504800109060466208BB694946FD699847D8F8E0
:105058002C307A69D8ED0D6A1A441FED407A1FED9D
:10506800406A131D9246DFF8C4C20022FB612B1D63
:10507800AB4ED9E9008E4EE0F4EEC67AF1EE10FAA6
:10508800C0F2C580304645F822000EEB0100D0ED95
:10509800007A66EEA77AF4EEC77AF1EE10FA49D9EB
:1050A800F4EEC67AF1EE10FAC0F2BF803046BBF1DA
:1050B800020F43F822002AD0D9F808000844D0ED9E
:1050C800007A66EEA77AF4EEC77AF1EE10FA35D9CF
:1050D800F4EEC67AF1EE10FAC0F2AE8030464AF825
:1050E8002200D9F80C000144D1ED007A66EEA77AC7
:1050F800F4EEC77AF1EE10FA1ED9F4EEC67AF1EEA4
:1051080010FAC0F28B803146F86940F8221002325A
:1051180094427FF6CEAB510808EB81008900D0EDB0
:10512800007A66EEA77AF4EEC77AF1EE10FAA3D801
:105138006046A8E76046BAE76146E5E76046CEE71D
:10514800224649466046BB699847FFF7B2BBC7F895
:1051580010B0002298ED0C6A331DDFED726AD7F8A3
:105168001CB0786956F8221007EE901A53F82210EE
:10517800B8EEE77A07EE901A51080232F8EEE77AAD
:1051880027EE267A0AEB810E94420BEB810167EE3B
:10519800A67A27EE067A67EE867A8EED007AC1ED5A
:1051A800007ADFD88300D7F810B07B614DE61A4645
:1051B800C7F810B098ED0C6A331DDFED5B6AD7F8BD
:1051C8001CB0786936F9221007EE101A33F922104C
:1051D80007EE901AB8EEC77A51080232F8EEE77A6D
:1051E80027EE267A0AEB810E94420BEB810167EEDB
:1051F800A67A27EE067A67EE867A8EED007AC1EDFA
:10520800007ADFD88300D7F810B07B6134E5F0EE80
:10521800675AFEEEE45A15EE900A34E7F0EE675A44
:10522800FEEEE45A15EE901A6EE7F0EE675AFEEEBF
:10523800E45A15EE900A3AE7F0EE675AFEEEE45AA1
:1052480015EE900A4BE767EEA57AFDEEE77A17EEC2
:10525800900A00B232E567EEA57AFDEEE77A17EE1E
:10526800900A00B23FE5F0EE675AFEEEE05A15EEFE
:10527800901A4CE6F0EE675AFEEEE05A15EE900AE8
:1052880030E6F0EE675AFEEEE05A15EE900AFDE5BC
:10529800F0EE675AFEEEE05A15EE900A0AE667EE5F
:1052A800A57AFDEEE77A17EE901A09B24AE567EE9D
:1052B800A57AFDEEE77A17EE900A00B22CE5F0EE3B
:1052C800675AFEEEE45A15EE902A1FE467EEA57AB7
:1052D800FDEEE77A17EE902A12B2FFF731BBF0EE37
:1052E800675AFEEEE45A15EE902AFFF7FDBBF0EE82
:1052F800675AFEEEE05A15EE902AFFF79BBBF0EED8
:10530800675AFEEEE05A15EE902AFFF780BB67EE6B
:10531800A57AFDEEE77A17EE902A12B2FFF724BBC2
:1053280082FF7F0000000030000000387E0080FF10
:1053380030B5184C154685B0046004F1080EEC46EB
:105348000FC98EE80F00D4ED047AF5EEC07A8CE828
:105358000F00F1EE10FA1ADDB7EE006A94ED057A47
:1053680027EE277AC6EE276A84ED0D7AC4ED0C6A1B
:105378006DB1204640F8185F01F0EEFF0649036959
:105388000020064A2162A262E36005B030BD012018
:1053980005B030BD68A501240020003000000030B1
:1053A80000680830704700BFB1F5807F03680A467F
:1053B80028BF4FF48072B1F5807F9A6094BF0020B7
:1053C800012070470068183002F026B830B504682C
:1053D80083B008480D46A368A26A216A9B00009022
:1053E80004F1180001F0BAFF0020C4E9000503B079
:1053F80030BD00BF7D47000810B4074B4FF07E5109
:1054080030240022032019619C60D8605DF8044BA9
:105418005961C3E90622704768A50124F6EE007AAF
:105428009FED166A20EE207A0160F7EE006A80EDA3
:10543800036A80ED020A27EE277AC6EE877AF4EE31
:10544800E67AF1EE10FA11DDF0EE667A4FF07E5151
:105458004FF0000C02760022C0ED017AC0F814C0AB
:10546800016143768276C0ED070A7047F4EEC67A8A
:10547800F1EE10FAEAD5F0EE467AE7E70000000010
:105488000268037E128807EE902AFBEEC87A1BB1E9
:10549800B7EE007A77EE677AD0ED056A90ED047A78
:1054A80077EEE67A437E67EE877A0BB1F1EE677A9C
:1054B80090ED030A90ED017A77EEC07AA7EE270AFD
:1054C80080ED030A704700BF837E80ED020AABB906
:1054D800D0ED077A27EE800AF6EE007AB7EE007A6A
:1054E80020EE270AC7EE007AF4EEC77AF1EE10FA3A
:1054F80007DDF0EE477AC0ED017A7047DFED067AF6
:10550800E8E7F5EEC07AF1EE10FAF4D5DFED037AAC
:10551800C0ED017A704700BF6F12033B0000000026
:1055280030B585B004460025ADF80C10ADF808205C
:10553800ADF8043003F00CF8BDF80C204FF480737C
:10554800206004F118002283BDF808206383E383F8
:10555800A283257100F0D6FD04F11C0000F0D2FDF5
:105568009FED060A019904F1080000F04DF94FF685
:10557800FF736562238405B030BD00BF00000000E2
:10558800F8B5044602F0E4FF00262368267183423A
:1055980005D104F10800BDE8F84000F04FB9012733
:1055A80094F82050206004F11800BD40277100F0E5
:1055B80085FE6DB2284394F82150BD4084F8200040
:1055C80004F11C0000F07AFE94F820306DB2666297
:1055D80003F003032843022BC0B284F8210009D04A
:1055E80000F003000228D4D1002BD2D14FF0FF33B2
:1055F8006362CEE78307CCD16762CAE7074A11889E
:1056080030B481800024064D91884FF48072856003
:105618000460C180C26030BC704700BF684B01089D
:105628000040003000220A2302700371704700BF57
:10563800DFED167A8C46B4EE670A10B50446864646
:10564800F1EE10FA2DED028B80ED080A48BFB0EE9E
:10565800670AC0ED090AB0EE608A80F83420BCE819
:105668000F00AEE80F009CE80F008EE80F000FF067
:1056780075F9F0EE407AB0EE480AC4ED0A7A0FF0F8
:105688006DF984ED0B0ABDEC028B10BD95BFD633C6
:1056980090F8343010B50446032B4BD8DFE803F0FC
:1056A8003B2A1502FFF7ECFE60EE006AD4ED087A9B
:1056B80094ED097A26EE800A37EE677AE0EE077AEB
:1056C800C4ED0C7AB0EE670A10BDFFF7D9FE94ED71
:1056D8000A7AD4ED0B7A77EEC77AA0EE277AB0EE85
:1056E800470A0FF0C9F8F0EE407A84ED0C0AB0EEE4
:1056F800670A10BDFFF7C4FED4ED087A94ED097A65
:1057080020EE000A37EE677AE0EE077AB0EE670A15
:10571800C4ED0C7A10BDFFF7B3FED4ED087A94ED12
:10572800097A37EE677AE0EE077AB0EE670AC4EDD9
:105738000C7A10BDD0ED0C7AC4E700BF30B585B047
:1057480004469FED110A9DF82050ADF80C100399FE
:10575800ADF808202A46ADF804308DED000A0CF0AB
:1057680071FF9DED000A2A46029904F11C000CF015
:1057780069FF9DED000A2A46019904F1380005B039
:10578800BDE830400CF05EBF00007A4410B52DED46
:10579800028BF0EE608A0446B0EE418A0CF076FF88
:1057A80004F11C00B0EE680A0CF070FFB0EE480A75
:1057B80004F13800BDEC028BBDE810400CF066BF68
:1057C80038B50C46054691ED000A0CF05FFF94EDE4
:1057D800010A05F11C000CF059FF94ED020A05F1CD
:1057E8003800BDE838400CF051BF00BF10B5044682
:1057F8000CF05EFF04F11C000CF05AFF04F13800B5
:10580800BDE810400CF054BF70B5044682B0C1F337
:105818000726CDB2ADF8041002F09AFE4FF480725C
:105828004FF001232060A01DA571A280E671A3603E
:1058380002B0BDE8704000F065BC00BF38B5044652
:1058480002F086FE002223682271834210D00122D2
:10585800A57AE37A954020602271A01D6DB243B904
:1058680000F02CFD40B22843C0B27F28A0720AD0B5
:1058780038BD00F023FDB0FA80F040092843C0B2DB
:105888007F28A072F4D102F063FE07EE900AF8EECA
:10589800677AC4ED037A38BD00B583B04FF0000EC7
:1058A8004FF0030C4274ADF80410BDF8043080F8D2
:1058B80010E0A0F802C0038003B05DF804FB00BF4D
:1058C8002DE9F04FDFF81C8300258DB0C04C037024
:1058D80008F140034260074601920E4620222946FD
:1058E8004046C4F86831C4F86481CDE90255CDE971
:1058F8000455CDE90655CDE90855CDE90A550FF00F
:1059080027F92022294604F5A170C4F83151C4F8BA
:105918003551C4F83951C4F83D510FF019F9019BBC
:1059280084F8485284F830317A68002A6AD02B46C5
:1059380004F59871454606F1100A9E46F01856F887
:1059480003B0E2180EF1010ED0F80CC0D0F80490A4
:10595800D0F8088044F803B0C2F80CC04FF0000C2F
:10596800C2F80490C2F80880008A25F802CB108299
:105978001AF8032001F8012F002A70D07A684FF036
:1059880001001233724584F84802D7D84FF48022B8
:1059980090489DF8043008214FF000084FF00009A6
:1059A800C4F884310023C4E95B020122C4F87431CD
:1059B80084F88031C4E95E2194F84812C4E9648906
:1059C800A9B3C4F89821002284F8813184F8883179
:1059D8003B78C4E96722002B38D00122002001213E
:1059E800013B84F8A421C4E96C01082B30D8DFE816
:1059F80013F0BD00C200C700CC00D100D600DB0008
:105A0800E100E8009DF804300121C4F87421C4F8CD
:105A180084314FF4802384F880216E4AC4E95B23E3
:105A280008230022C4E95E130023C4E96423012388
:105A3800002284F88131002384F888310323C4F8D4
:105A480098313B78C4E96722002BC6D184F8A43189
:105A5800614803F009FE034638B1FFBEFEE77A68E5
:105A6800123372453FF66AAF90E702A95A4802938B
:105A780003F058FF8246002876D1042240F2FF71D5
:105A88000A90CDE9081294F83021002A00F0F3803A
:105A98004FF006080AEBCA034FEACA0904EB4303AE
:105AA8005B7C072B07D8DFE803F0595C5653504D51
:105AB8004A04072307930FFA8AF6D14406EBC60671
:105AC80004EB490904EB46077500384600F01AFB59
:105AD80099F81030042B00F3AA80022B00F3BD8044
:105AE80000F0B98004EB0A03002283F8202114F89F
:105AF8001630002B78D0022B00F08A80012B40F062
:105B0800B2807B78012B00F0B080002B334B18BF9C
:105B1800002305A93048CDE9053803F0D1F900285C
:105B280040F0AC800AF1010A94F830315FFA8AFA41
:105B3800534540F2A0802A4B53F82A80AAE706234F
:105B48000793B8E705230793B5E704230793B2E75C
:105B580003230793AFE702230793ACE700230793D8
:105B6800A9E701230793A6E7FFBEFEE70322402328
:105B7800C4E96A236CE707226023C4E96A2367E75C
:105B88000F228023C4E96A2362E71F22A023C4E905
:105B98006A235DE73F22C023C4E96A2358E77F22CE
:105BA800E023C4E96A2353E7FF224FF48073C4E972
:105BB8006A234DE740F2FF124FF49073C4E96A2359
:105BC80046E740F2FF324FF4A073C4E96A233FE787
:105BD800A0A50124002002400CA701240002B02542
:105BE800AC4B0108004100307B78062B37D0072BDF
:105BF8003DD0022B4AD0032B4AD0002B4CD0012B8E
:105C080048D0042B4AD0052B254B18BF002380E72A
:105C18007B78042B25D0052B2BD08BB3012B31D0CF
:105C2800022B31D0032B1F4B18BF002371E703232E
:105C3800043504EB0A0B4FF0000925448BF820319A
:105C4800284609F1010900F05DFA9BF82031043576
:105C58004B45F5DC4BE70123EAE70223E8E7124B63
:105C680057E7124B55E7002353E7114B51E7114B08
:105C78004FE7114B4DE70DB0BDE8F08FFFBEFEE7D3
:105C88000E4B46E70E4B44E70E4B42E70E4B40E700
:105C98000E4B3EE70E4B3CE70E4B3AE70E4B38E710
:105CA8000000B84F002090360800900C1000C0107B
:105CB8002000F0148000501D000180210004002AFB
:105CC8000008302E001060320040C03A0080F03EDC
:105CD80000005247000021430000844B38B5094CAE
:105CE80040F2FF724FF0011104F5B675284603F033
:105CF800C7FD94F83021D4F864112846BDE838402F
:105D080003F032BBA0A50124034B0F29D3F864018B
:105D180098BF00EB41007047A0A50124214B026801
:105D28009A4200D07047204A00232048D2F8D81061
:105D380030B51F4C41F0200183B0C4F8D0010920D0
:105D480004F5E875C4E975034FF48060C2F8D8100B
:105D5800D2F8D8204FF40061C4E9773094F84802AB
:105D680002F02002C4F8E4114FF400519842019265
:105D78002846C4F8E811C4E97C33019B14BF00230A
:105D88004FF48073C4F8EC3103F0F2FF08B1FFBEA2
:105D9800FEE704F5B673C4F8B851C4F8083203B086
:105DA80030BD00BF002002400044025840000240BD
:105DB800A0A50124014804F053BB00BF70A701242B
:105DC80002682DE9F84F4B4B9A4201D0BDE8F88F95
:105DD800494D95F84832002BF8D095F83031002B12
:105DE80077D0002405F10C0905F5A17605F598771B
:105DF800A04613E003F0010117F811BCA9F108004F
:105E080000F06AFABBF1010F25D895F8303101345A
:105E180009F112090236A2B293422BD917F8012FC1
:105E2800002AF4D0D5F864310021327833F8140010
:105E3800D5F8683103EB041323F8120033880133D3
:105E48009BB233805FFA83FA3A789A42D2D88A466C
:105E5800A6F80080D0E7CAF34001A9F1040000F0D9
:105E68003BFABBF1020FCAF38001CED0484600F0DE
:105E780033FACAE7002395F84802204909229842D4
:105E8800C5F8D8314FF48060C5F8D011C5F8D421D1
:105E98004FF400614FF40052C5F8DC3108BF4FF4ED
:105EA8008073C5F8E821C5E9780100221448C5E9DE
:105EB8007B32C5F8F42103F05BFF08B1FFBEFEE7B3
:105EC80095F83021D5F864110E48BDE8F84F03F075
:105ED8004BBA0A4909224FF48060C5F8D831C5E9A0
:105EE80074124FF400614FF40052C5E97730C5E9E8
:105EF8007912DAE700200240A0A501244000024000
:105F080070A701240CA70124704700BF10B592B0F8
:105F1800ADF804100180C9B2149C0B29C460C0E913
:105F280001233FD090F801C0BCF10F0F3AD8022AE4
:105F38003FD0032A02D0012A00D000220E92012B62
:105F480002D0022B18BF0023022C0F932CD0032C55
:105F58002AD0012C28D000230A29109327D85C4A7C
:105F680002EB812202610A2914D8DFE801F0A39527
:105F780087796B5D4F4133250600564BD3F8E01007
:105F880041F48061C3F8E010D3F8E03003F4806393
:105F98000C930C9B01230DA9104603FA0CF30D93E7
:105FA80004F0B0FD12B010BD0A291094D7D9002210
:105FB800D8E711220E92C2E7464BD3F8E01041F41D
:105FC8000071C3F8E010D3F8E03003F400730B93CA
:105FD8000B9BDFE73F4BD3F8E01041F48071C3F827
:105FE800E010D3F8E03003F480730A930A9BD1E7FA
:105FF800384BD3F8E01041F08001C3F8E010D3F833
:10600800E03003F080030993099BC3E7314BD3F8D1
:10601800E01041F04001C3F8E010D3F8E03003F09D
:1060280040030893089BB5E72A4BD3F8E01041F0EA
:106038002001C3F8E010D3F8E03003F02003079301
:10604800079BA7E7234BD3F8E01041F01001C3F8F2
:10605800E010D3F8E03003F010030693069B99E7AD
:106068001C4BD3F8E01041F00801C3F8E010D3F856
:10607800E03003F008030593059B8BE7154BD3F835
:10608800E01041F00401C3F8E010D3F8E03003F069
:1060980004030493049B7DE70E4BD3F8E01041F012
:1060A8000201C3F8E010D3F8E03003F002030393D1
:1060B800039B6FE7074BD3F8E01041F00101C3F8E9
:1060C800E010D3F8E03003F001030293029B61E78C
:1060D800000002580044025808B5012143780069BD
:1060E800994089B204F016FF003818BF012008BD96
:1060F80001230A464178006903FA01F189B204F0E4
:106108000FBF00BF8378022B30B504468FB037D05D
:10611800032B33D0012B31D000230A93E378012BD2
:106128002AD0022B28D000230B93002320460C935F
:1061380002F040FD0546204602F044FD2378099010
:10614800082B13D8DFE803F01F3245586B7E91A463
:106158000500594BD3F8E02042F48072C3F8E020E0
:10616800D3F8E03003F480730893089B09A9284604
:1061780004F0C8FC0FB030BD0B93D6E70A93CDE707
:1061880011230A93CAE74C4B09A92846D3F8E02003
:1061980042F00102C3F8E020D3F8E03003F0010335
:1061A8000093009B04F0AEFC0FB030BD424B09A930
:1061B8002846D3F8E02042F00202C3F8E020D3F8E2
:1061C800E03003F002030193019B04F09BFC0FB045
:1061D80030BD394B09A92846D3F8E02042F0040223
:1061E800C3F8E020D3F8E03003F004030293029BE5
:1061F80004F088FC0FB030BD2F4B09A92846D3F80E
:10620800E02042F00802C3F8E020D3F8E03003F0C1
:1062180008030393039B04F075FC0FB030BD264BB5
:1062280009A92846D3F8E02042F01002C3F8E0207C
:10623800D3F8E03003F010030493049B04F062FCED
:106248000FB030BD1C4B09A92846D3F8E02042F016
:106258002002C3F8E020D3F8E03003F020030593D0
:10626800059B04F04FFC0FB030BD134B09A928461D
:10627800D3F8E02042F04002C3F8E020D3F8E03041
:1062880003F040030693069B04F03CFC0FB030BDBE
:10629800094B09A92846D3F8E02042F08002C3F848
:1062A800E020D3F8E03003F080030793079B04F065
:1062B80029FC0FB030BD00BF0044025838B5054670
:1062C80002F078FC0446284602F07CFC0146204691
:1062D800BDE8384004F01EBE70B506460D4602F013
:1062E80069FC0446304602F06DFC2A1E0146204631
:1062F80018BF0122BDE8704004F012BE002312222C
:1063080070B586B0CDE9022304930368032B01D846
:1063180004230593061D841D304602F04BFC0546F8
:10632800304602F04FFC034601A92846019304F0C9
:10633800E9FB204602F03EFC034620461C4602F0DC
:1063480041FC01A903462046019304F0DBFB06B09B
:1063580070BD00BF634A0368934210B58CB028D063
:10636800614A934258D0614A934200F09480604A4F
:10637800934201D00CB010BD5E4C5F48D4F8E030B9
:1063880043F00203C4F8E030D4F8E03003F002032D
:106398000A930A9BFFF7B2FFD4F8F43043F0800366
:1063A800C4F8F430D4F8F43003F080030B930B9B5B
:1063B800E0E7504C5148D4F8E03043F00203C4F809
:1063C800E030D4F8E03003F002030193019BFFF7BB
:1063D80095FFD4F8E83000221F2043F4001311463B
:1063E800C4F8E830D4F8E83003F400130293029BB1
:1063F800D4F8D83043F00103C4F8D830D4F8D830F2
:1064080003F001030393039B03F000FB1F200CB070
:10641800BDE8104003F038BB364C3948D4F8E030BA
:1064280043F08003C4F8E030D4F8E03003F0800390
:106438000493049BD4F8E03043F00203C4F8E0303E
:10644800D4F8E03003F002030593059BFFF756FFED
:10645800D4F8E8300022212043F480031146C4F820
:10646800E830D4F8E83003F480030693069BD4F8A8
:10647800D83043F00103C4F8D830D4F8D83003F04A
:1064880001030793079B03F0C1FA21200CB0BDE874
:10649800104003F0F9BA1B48FFF730FF154B0022F4
:1064A8004820D3F8E840114644F40004C3F8E84013
:1064B800D3F8E84004F400040894089CD3F8D840C2
:1064C80044F00104C3F8D840D3F8D83003F00103EE
:1064D8000993099B03F09AFA48200CB0BDE81040D4
:1064E80003F0D2BA0054004000580040005C00405D
:1064F800001C00580044025878AA0124F0A701247F
:10650800C8A80124A0A901242DE9F0431A4B87B09B
:1065180000254FF010099E46EC46184BFF22E04636
:1065280067461A700EF118060EF13004CDE90055D1
:10653800CDE90255ADF80090BCE80F00CDE904554F
:10654800AEE80F009CE803000095ADF800908EE8D7
:106558000300B8E80F000FC69CE803000095ADF8EB
:10656800009086E803000FCF0FC49CE8030084E87E
:10657800030007B0BDE8F08304000024ECA7012461
:1065880010B5EFF3108472B6084B1A78120602D5CC
:1065980004B962B610BD1B78D82205485BB202FB6D
:1065A8000300143003F05CFFF2E700BFECA70124FE
:1065B800F0A70124014805F04BBB00BF7CA80124CB
:1065C800014805F045BB00BF54A90124014805F066
:1065D8003FBB00BF2CAA01242DE9F0430F68D82443
:1065E8003F4D85B007FB04F4032F05EB040303605C
:1065F80040DCCB680E46012B3CD84DD04FF0D80874
:10660800B646DFF8FC9008FB0758BEE80F00C44602
:10661800ACE80F00DEF800300DF1100ECCF80030B9
:10662800D8F808C099E80F000EE90F000EEB8703B1
:10663800BCF1010F53F8103CC8F88C3031D0BCF1D4
:10664800020F42D0BCF1000F35D0317C8C34D823F6
:10665800002201202C4403FB07534900C3E926020A
:10666800C3F894102046C3E92822C3E92A2205F07A
:10667800E1F818B1012005B0BDE8F08301462046D5
:1066880005F0F2FA0028F5D10146204605F016FB80
:10669800003818BF0120EEE70B7C103B672BADD903
:1066A800E8E702F0F1F80F4B98420CBF0E4B0F4B86
:1066B800C8F89030C9E702F0E7F80A4B98420CBFD7
:1066C8000B4B0C4BC8F89030BFE702F0DDF8054BD8
:1066D80098420CBF084B094BC8F89030B5E700BF8B
:1066E800F0A70124000E27072D0FB0303211D0205B
:1066F8005F4390608A62E030200BA0101A09801076
:10670800704B01082DE9F041D0F8008082B00D46A9
:1067180017461E4608F18C04204605F0A1FA2028E9
:10672800FAD1D8F80C3073B96D002046089C33466E
:106738003A46A9B2009405F0D3F8003818BF0120F2
:1067480002B0BDE8F081089B32463946204605F084
:106758009BF9F2E7044B10221A7483F8E82083F8B7
:10676800C02183F898227047F0A7012430B5002390
:1067780095B04FF48071062204460B93069213934A
:10678800CDE90C13CDE90E33CDE9113302F07EF8D3
:1067980007282BD004F1100541F2883206A92846B3
:1067A80006F09EF828B10123184684F85C3015B02D
:1067B80030BD0222022306A92846CDE90023102273
:1067C8000123CDE9022300224FF48003CDE90423FD
:1067D80005224FF0807306926A460F9341F2883380
:1067E80006F0EAF90028DED115B030BD03230120F8
:1067F80084F85C3015B030BD70B50023A4B04FF0FC
:1068080080724FF480750446ADF806300D93CDE9DB
:1068180010320122CDE90E53CDE91223CDE914330C
:10682800002943D0F02300F1100508AEADF806307A
:10683800C02341F2883231462846089306F050F8C2
:1068480028B10123184684F85C3024B070BD41F2A9
:1068580088320DF10601284606F0ACF803460028F8
:10686800EFD105224FF480711E93284616924FF0FF
:1068780080721B9321931F9202AA9FED1F7BCDE983
:106888001C13CDE922338DED027B9FED1D7B41F278
:10689800883316A98DED047B9FED1B7B8DED067B60
:1068A80006F08AF90028CCD124B070BD00F110059B
:1068B80008AE612341F2883231462846089306F033
:1068C8000FF80028BDD141F288320DF106012846A3
:1068D80006F0EEF80028B4D1BDF80630204623F0C3
:1068E800780343F04003ADF80630FFF73FFF002878
:1068F8009ED0A6E7AFF30080000000000100000072
:10690800100000000100000000000000000040002E
:106918002DE9F04F00234FF4807501264FF0807861
:1069280004462DED028BABB08DF8073013932193FD
:10693800299314950E96CDF85C80CDE91533CDE9F1
:106948001863CDE91A33CDE92253CDE92433CDE9D3
:10695800273306231C9301F099FF072808D004F178
:10696800100741F288321CA9384605F0B9FF40B13A
:106978000123184684F85C302BB0BDEC028BBDE8CF
:10698800F08F4FF0020A4FF0020B4FF0050941F269
:10699800883308AA1CA93846CDF89480CDF87090A1
:1069A8009FED2D8BCDE908AB4FF0000A4FF4800B1B
:1069B8008DED0A8BCDE90CAB06F0FEF80028D7D197
:1069C80041F2883238460EA905F08AFF0028CFD157
:1069D800402341F288320DF1070138468DF807301F
:1069E80005F0E8FF0028C3D141F288330EA902AAB6
:1069F8003846CDF83890CDF85C809FED197B8DED49
:106A0800048BCDE906AB8DED027B06F0D5F8034685
:106A18000028ADD1CDF870904FF00109CDF89480E1
:106A28004FF00008219308AA29931CA938462295FB
:106A3800CDE92333CDE9273341F288338DED0A8B35
:106A4800CDE90CABCDE9088906F0B6F8002893D05B
:106A5800304684F85C608FE71000000001000000F9
:106A680040000000400000002DE9F043624CA3B054
:106A78000D46046001F00AFF072800F0A980286885
:106A880023466968AA6807C31E46AB8926F8043BF3
:106A98003046257B677B05F005FFE0B9574B012D94
:106AA8004FF00108E061236114BF4FF480134FF4E5
:106AB8000003C4E9058893FAA3F3B3FA83F34FF408
:106AC8008079013BC4F82490C4E90B003046236266
:106AD80005F07CFE38B10122134684F85C20184684
:106AE80023B0BDE8F08366230B90139041F28832FF
:106AF80006A90693CDE90C90CDE90E00CDE9110069
:106B0800304605F0EDFE0028E5D1992341F28832A0
:106B180006A93046069305F0E3FE0028DBD10523DD
:106B28001C9019906A4614934FF08073219014A911
:106B38001D9341F288339FED2A7BCDE91A90CDE968
:106B48001F008DED007B9FED287B30468DED027B8D
:106B58009FED277B8DED047B06F02EF80028BAD137
:106B680029462046FFF748FE0028B4D12046FFF703
:106B7800CFFE03460028AED1002FB0D1189330467F
:106B88000027002606AA14A9CDF86890CDE91F337E
:106B9800EB2314934FF440631B934FF40053179364
:106BA8004FF440431C93A0231693062319934FF0E8
:106BB800805321934FF04073CDE906671D9306F08B
:106BC80073F8034600288AD0434684F85C8086E739
:106BD80001230322184684F85C2023B0BDE8F08323
:106BE800000000000100000010000000010000008B
:106BF800000000000000400050AB0124005000528B
:106C08002DE9F04F8FB0414B0024026800AF9A4243
:106C18007C63C7E90944C7E90B4403D03C37BD4648
:106C2800BDE8F08F3A4B40F609213A48EB46D3F8D5
:106C3800D42007F11C0607F1220A4FF0020942F49A
:106C480080424FF00308C3F8D420D3F8D42002F4CC
:106C58008042BA60BA68D3F8E02042F04002C3F834
:106C6800E020D3F8E02002F04002FA60FA68D3F896
:106C7800E02042F02002C3F8E020D3F8E02002F040
:106C880020023A613A69D3F8E02042F01002C3F8D2
:106C9800E020D3F8E02002F010027A617A69D3F894
:106CA800E02042F00202C3F8E020D3F8E030F861B7
:106CB80003F002033984BB61174B7B60BB697B68B7
:106CC80053F8040F7B6001F075FF7B680546186870
:106CD80001F078FF16F8013B786207F12401284695
:106CE800C7F830807B63C7E90A9403F00BFF564569
:106CF800E5D100225C20114602F088FE5C2002F0FB
:106D0800C3FE3C37DD46BD46BDE8F08F005000525B
:106D1800004402580A0A0909ACAB0124114B026865
:106D28009A4200D07047104A70B5D2F8D4300F4C50
:106D380023F4804304F11806C2F8D43054F8040F41
:106D480001F038FF0546206801F03CFF014628465F
:106D580004F018F8B442F1D15C20BDE8704002F0AC
:106D6800A1BE00BF0050005200440258ACAB012441
:106D7800014806F025B800BF60AB0124084B1A1D76
:106D8800981D03F1080110B49C1C9A6603F10A02CD
:106D9800C3E91834C3E91B015DF8044B5A6770470F
:106DA80050AB012438B5036871B9026A00F12805AF
:106DB80000F5AC74012A0CBF002140218BBB1D4B90
:106DC8005722C0F858310DE0426A00F1C00500F5BD
:106DD800E874012A0CBF00214021EBB1164B5A225E
:106DE800C0F8D03100232046C4E901214FF4805275
:106DF8004FF48061636262614FF48042C4E90331F9
:106E08004FF48073C4E906234FF40033236202F081
:106E1800AFFF58B1FFBEFEE7084B5822C0F8D0318B
:106E2800E0E7074B5922C0F85831DBE7C5E92044B1
:106E3800A56338BD100002407000024028000240DF
:106E4800580002402DE9F043821D05468BB0031D12
:106E580005F10A010830CDE9052305F10C02AB69FB
:106E6800CDE907010992002B3DD0EB69B3FA83F80D
:106E78004FEA58180123022205AE0AAF4FF006095F
:106E88000393CDE9012356F8044B2B7922789342DA
:106E980016D02B68F3B1012B02D1F2B10A23049367
:106EA800204601F08FFE03462046009301F082FE43
:106EB800694603F027FEBE42E5D10BB0BDE8F0837A
:106EC800697963789942E4D1B8F1000FF3D02B685F
:106ED800002BE0D1CDF81090E2E76378022B14BFC5
:106EE8000A230823DBE74FF00108C3E7534A036886
:106EF800934230B505468BB055D02032934252D0DC
:106F08004F4A934204D02032934201D00BB030BD97
:106F18004C4C4D48D4F8E03043F00103C4F8E0305D
:106F2800D4F8E03003F001030593059BD4F8E03072
:106F380043F00803C4F8E030D4F8E03003F0080365
:106F48000693069BD4F8E03043F04003C4F8E030E1
:106F5800D4F8E03003F040030793079BD4F8F030EF
:106F680043F40003C4F8F030D4F8F03003F400031D
:106F78000893089BFFF766FFD4F8D830296843F0D8
:106F880001032F4A3048C4F8D830891AD4F8D830C9
:106F980018BF012103F001030993099B0BB0BDE859
:106FA8003040FFF7FFBE274C2848D4F8E03043F0C4
:106FB8000103C4F8E030D4F8E03003F00103009393
:106FC800009BD4F8E03043F01003C4F8E030D4F864
:106FD800E03003F010030193019BD4F8E03043F054
:106FE8004003C4F8E030D4F8E03003F040030293E3
:106FF800029BD4F8F03043F48003C4F8F030D4F89E
:10700800F03003F480030393039BFFF71BFFD4F8CE
:10701800D830296843F00103084A0C48C4F8D8302E
:10702800891AD4F8D83018BF012103F0010304935A
:10703800049B0BB0BDE83040FFF7B4BE04580140D4
:10704800045C01400044025824AE0124C8AB01246A
:10705800014803F005BA00BF20AD0124014803F040
:10706800FFB900BF98AD0124014803F0F9B900BF8A
:107078007CAF0124014803F0F3B900BFF4AF012449
:107088001A4A0368934210B40BD02032934208D0B6
:10709800174A934216D02032934213D05DF8044B1E
:1070A8007047144B0022D3F85442C3F85822002CDE
:1070B800F4D0D3F84802D3E9931223465DF8044B81
:1070C800520818470B4B0022D3F8B044C3F8B42435
:1070D800002CE3D0D3F8AC24D3F8A814D3F8A40434
:1070E800520823465DF8044B184700BF0458014076
:1070F800045C0140C8AB0124184A0368934210B4E9
:107108000BD02032934208D0154A934217D0203230
:10711800934214D05DF8044B7047124BD3E9942482
:107128005208C3F85822002CF4D0D3E99201234620
:1071380001EB820100EB82005DF8044B1847094B14
:10714800D3F8AC24D3F8B0445208C3F8B424002CC4
:10715800E0D0D3F8A814D3F8A404E8E70458014011
:10716800045C0140C8AB01242DE9F04F0C684FF4D2
:107178001776754F87B004FB06F6012C07EB060A55
:10718800C0F800A000F3A0800D468E464FF000081E
:10719800D44669A3D3E9002369A1D1E90001CDE967
:1071A800022306ABCAF8508203EB8403CDE904013D
:1071B80053F810BC53F8083CCAE992880193BEE81A
:1071C8000F00ACE80F00BEE80F00ACE80F00019B11
:1071D8009EE80300CAF828B0CAF8C0308CE803005B
:1071E8002B69042B0CD8DFE803F0737D879103002B
:1071F8004FF41773554A03FB04739A64C3F8E020ED
:10720800AA692B6A002A43D0002B4FF4177308BFD2
:10721800022203FB047318BF0322DA6201221A63F5
:10722800EA696B6A002A40D1191E4FF4177318BF18
:10723800012103FB0473C3E931126B69022B05D8E2
:10724800434A12F80380434A52F823904FF41773C5
:1072580006F128004246494603FB047400233844DB
:1072680063646363E365C4F8DC30C4F8CC30C4F805
:10727800F430C4E90F33C4E91533C4E93533C4E93C
:107288003B33022307F03EFE002849D0FFBEFEE74D
:10729800191E4FF4177318BF012103FB0473C3E9C8
:1072A8000B12EA696B6A002ABED0002B4FF41773E1
:1072B80008BF022203FB047318BF0322C3F8C420CB
:1072C8000122C3F8C820B8E7012007B0BDE8F08F55
:1072D8004FF417734FF4FA5203FB04739A64C3F81C
:1072E800E0208DE74FF417734FF47A5203FB0473D1
:1072F8009A64C3F8E02083E74FF417734FF4FA4217
:1073080003FB04739A64C3F8E02079E74FF417731A
:107318004BF6803203FB04739A64C3F8E0206FE7EE
:1073280006F1C000022342464946384407F0EAFD08
:107338000028CAD0FFBEFEE704580140045C0140A3
:1073480024580140245C0140C8AB012400770100A7
:10735800EC4B0108F04B01080068704770B50468F1
:1073680082B015460E46C4F85032C4E99212069A05
:10737800C4F85422A269012A26D0626A012A9AB264
:1073880011D0294604F1C000019207F077FE236A64
:10739800019A012B10D0294604F1280007F06EFE4F
:1073A800002002B070BD04F1C000019207F0F8FEA1
:1073B800236A019A012BEED1314604F1280007F027
:1073C800EFFE002002B070BD226A012A9AB211D0E5
:1073D800294604F12800019207F050FE636A019AD9
:1073E800012B10D0294604F1C00007F047FE002009
:1073F80002B070BD04F12800019207F0D1FE636A63
:10740800019A012BEED1314604F1C00007F0C8FE05
:10741800002002B070BD00BF03681B69042B05D8AB
:10742800044A02EB830393ED000A70479FED020ABA
:10743800704700BFFC4B010800803B470368D3F846
:10744800580270471F4BC1680268F0B5D3F88C50DA
:1074580083B00369ADB24D1BA2B1AB4212D0044652
:10746800866811D2F018E91ACDE9001000F0AAFFD9
:107478000023DDE90010D4E90062B047E368256124
:10748800AB421BD003B0F0BDF018C91ACDE900011A
:1074980000F098FF0023DDE90001D4E90072B84745
:1074A8003046294600F08EFF0023304662682946A0
:1074B8002668B047E3682561AB42E3D10023236126
:1074C80003B0F0BD000002402DE9F84F04460F4616
:1074D80090461E4600F13405284608F0EDF92028AC
:1074E800FAD14FF480630020C4F8D030C4F8483192
:1074F8004FF44033C4F8CC00C4F8E030C4F8583135
:107508004E4BC4F8DC00C4F8C03003F57A73C4F8F5
:10751800E400C4F838314023C4F8C800C4F8403146
:10752800E369C4F84401C4F85401C4F85C01C4E92F
:107538003500C4E95300072B0BD8DFE803F061538B
:107548005A373E454C045123C4F8C4305223C4F87A
:107558003C3104F59C79484602F00AFC08B1FFBEAC
:10756800FEE7C4F8A890C4F87051EFF3108972B61A
:10757800DFF8D0B094F91C30DFF8CCA08BF80030DD
:107588000A9B2F4CCAF800300B9B23600EB118469B
:10759800B0471FFA88F23946284607F077FFB0BB94
:1075A800B9F1000F00D162B6BDE8F88F3F23C4F8E7
:1075B800C4304023C4F83C31CBE74123C4F8C4307D
:1075C8004223C4F83C31C4E74723C4F8C4304823F5
:1075D800C4F83C31BDE74F23C4F8C4305023C4F885
:1075E8003C31B6E72B23C4F8C4302C23C4F83C3113
:1075F800AFE72D23C4F8C4302E23C4F83C31A8E7E4
:107608002923C4F8C4302A23C4F83C31A1E7FF2356
:107618008BF800300023CAF8003023600A9B3BB186
:107628000B98012198470120B9F1000FBCD1BAE7A6
:107638000120B9F1000FB7D1B5E700BF88000240BB
:10764800B8BF0124B4BF0124B0BF01242DE9F84F0D
:1076580004460F4690461E4600F13405284608F0B9
:107668002BF92028FAD14FF480630020C4F8D030D9
:10767800C4F848314FF44033C4F8CC00C4F8E030C3
:10768800C4F858314E4BC4F8DC00C4F8C03003F5D8
:107698007A73C4F8E400C4F838314023C4F8C80049
:1076A800C4F84031E369C4F84401C4F85401C4F88B
:1076B8005C01C4E93500C4E95300072B0BD8DFE8A7
:1076C80003F061535A373E454C045123C4F8C43083
:1076D8005223C4F83C3104F1C009484602F048FB83
:1076E80008B1FFBEFEE7C4F8AC90C4F8F850EFF359
:1076F800108972B6DFF8D0B094F91C30DFF8CCA04E
:107708008BF800300A9B2F4CCAF800300B9B236083
:107718000EB11846B0471FFA88F23946284607F0D6
:1077280007FFB0BBB9F1000F00D162B6BDE8F88F12
:107738003F23C4F8C4304023C4F83C31CBE741238D
:10774800C4F8C4304223C4F83C31C4E74723C4F822
:10775800C4304823C4F83C31BDE74F23C4F8C430D3
:107768005023C4F83C31B6E72B23C4F8C4302C238B
:10777800C4F83C31AFE72D23C4F8C4302E23C4F835
:107788003C31A8E72923C4F8C4302A23C4F83C3183
:10779800A1E7FF238BF800300023CAF800302360EC
:1077A8000A9B3BB10B98012198470120B9F1000FC2
:1077B800BCD1BAE70120B9F1000FB7D1B5E700BFD6
:1077C80088000240B8BF0124B4BF0124B0BF01241F
:1077D8002DE9F0410D4682B0EFF3108772B600290B
:1077E80048D1FF23254A264C237013682BB100206B
:1077F80029461060234A1068984723781B0625D528
:10780800DFF888800025204E444605E001351C3409
:1078180006F5D876092D19D0A369012B1BD0002BAA
:10782800F4D1216830460029F0D0636901932369B7
:107838000093E3682289FFF709FF0028E6D1C5EB2A
:10784800C50508EB850348F82500586007B962B6F6
:1078580002B0BDE8F08161680029D7D0636930467D
:10786800019323690093E3682289FFF72DFE00281E
:10787800CCD1E4E709F01CFBB3E700BFB0BF01249B
:10788800B4BF0124B8BF012480B001244C000024F7
:10789800F0B5002387B0022204460493CDE9022301
:1078A800027EC3690B2A4FEA430523D1A27E0B2A25
:1078B80002D1002007B0F0BD48496B1C484851F878
:1078C8002330457801781878E67E884269D082426C
:1078D80077D0D87803F1030C81426ED0824278D0F9
:1078E800987903F1060C88426FD0824233D0012088
:1078F80007B0F0BD394B3A4853F82530017846783F
:10790800187894F819C081423DD0824241D0D87885
:1079180003F1030E814240D082424AD0987903F1A4
:10792800060E884241D08242E1D1DB796345DED13F
:10793800734604F118069B783046059301F03AF92E
:10794800034630461E4601F03DF901A90190304634
:1079580003F0D8F8AAE7DB79B342C8D163461A34F2
:107968009B782046059301F025F9034620461C46DE
:1079780001F028F9034601A92046019303F0C2F853
:10798800002007B0F0BD93F801E0B645BFD08242B1
:10799800BDD158786045BAD1CBE71F79B742BBD182
:1079A800BCE75F78AF4292D193E7D979B142BAD1B7
:1079B8009DE718796045B1D1BAE71F79AF428DD1FB
:1079C8008EE75878B04284D1C9E7D979A9428CD1D9
:1079D8008DE71879B04283D1C0E700BF6401002465
:1079E800600100247E4A03689342F0B58FB000F02E
:1079F800E380A2F54C42934200F0E08002F58062F9
:107A0800934200F0DD8002F58062934200F0DA8054
:107A180002F58062934200F0D98002F54442934215
:107A280000F0D280A2F51C42934200F0D18002F50A
:107A38008062934200F0CE806A4A934240F0CC8044
:107A48000826694D4FF4D87404FB0654A07E01F053
:107A5800C1F8207E01F0BEF8E369082B13D8DFE8EF
:107A680003F03B49576573818F9D05005F4BD3F841
:107A7800F42042F00802C3F8F420D3F8F43003F0FD
:107A880008030893089B2046FFF702FF012801D14D
:107A9800FFBEFEE74FF4D8740EAA554F0DF1240C23
:107AA80004FB0654E36902EB43050FCFACE80F0073
:107AB8003B680022ACF80030114635F9140C01F08F
:107AC800A5FFE3690EAA02EB430333F9140C0FB0C8
:107AD800BDE8F04001F0D8BF444BD3F8F02042F0A5
:107AE8001002C3F8F020D3F8F03003F0100300932D
:107AF800009BC8E73D4BD3F8E82042F40032C3F8B6
:107B0800E820D3F8E83003F400330193019BBAE787
:107B1800364BD3F8E82042F48022C3F8E820D3F8A3
:107B2800E83003F480230293029BACE72F4BD3F891
:107B3800E82042F40022C3F8E820D3F8E83003F440
:107B480000230393039B9EE7284BD3F8E82042F4D5
:107B58008012C3F8E820D3F8E83003F480130493C4
:107B6800049B90E7214BD3F8F02042F02002C3F8A1
:107B7800F020D3F8F03003F020030593059B82E74B
:107B88001A4BD3F8E82042F08042C3F8E820D3F833
:107B9800E83003F080430693069B74E7134BD3F851
:107BA800E82042F00042C3F8E820D3F8E83003F0B8
:107BB80000430793079B66E7002642E7012640E754
:107BC80002263EE703263CE705263AE7042638E77F
:107BD800062636E7072634E700239B7EFFDE00BF34
:107BE80000100140000C005880B0012400440258E5
:107BF800804B01082DE9F04F91B0002301223A494A
:107C08000DF1240A09938B4601F11C09CAF81430B6
:107C18005446CDF800A001F13808CDF804A001F1D0
:107C28005407CDF808A001F17006CDF80CA001F1B9
:107C38008C05CDF814A001F1C40E01F1E00CCAE9DD
:107C48000133CAE903330F92FF22284B1A7001F15E
:107C5800A803CDE906AA0493BAE80F00ABE80F0021
:107C68009AE807008BE807000FCC009CA9E80F00F2
:107C78009AE8070089E807000FCC019CA8E80F00E4
:107C88009AE8070088E807000FCC029C0FC79AE81B
:107C9800070087E807000FCC039C0FC69AE8070087
:107CA80086E807000FCC0FC59AE80700059C85E811
:107CB80007000FCC049C0FC49AE8070084E807006B
:107CC800069C0FCCAEE80F009AE80700079C8EE8E8
:107CD80007000FCCACE80F009AE807008CE8070013
:107CE80011B0BDE8F08F00BF4C000024B4BF0124E0
:107CF80010B5094C04F1340007F0ECFC237D1BB1EE
:107D0800636BDB69DB0600D410BD2046FFF79AFBE6
:107D1800636B10221A6210BD80B0012410B50B4CA1
:107D280004F5F27007F0D6FC94F8C43123B1D4F806
:107D3800E431DB69DB0600D410BD04F5D870FFF729
:107D480081FBD4F8E43110221A6210BD80B00124FE
:107D580010B50B4C04F5657007F0BCFC94F874334F
:107D680023B1D4F89433DB69DB0600D410BD04F5E5
:107D78005870FFF767FBD4F8943310221A6210BDCD
:107D880080B0012410B50B4C04F2445007F0A2FC5B
:107D980094F8243523B1D4F84435DB69DB0600D4E4
:107DA80010BD04F5A260FFF74DFBD4F8443510224E
:107DB8001A6210BD80B0012410B50B4C04F2F460B7
:107DC80007F088FC94F8D43623B1D4F8F436DB698C
:107DD800DB0600D410BD04F5D860FFF733FBD4F8F8
:107DE800F43610221A6210BD80B0012410B50B4C75
:107DF80004F6A40007F06EFC94F8843823B1D4F894
:107E0800A438DB69DB0600D410BD04F50760FFF772
:107E180019FBD4F8A43810221A6210BD80B00124CE
:107E280010B50B4C04F6542007F054FC94F8343A7F
:107E380023B1D4F8543ADB69DB0600D410BD04F54D
:107E48002260FFF7FFFAD4F8543A10221A6210BDE4
:107E580080B0012410B50B4C04F6044007F03AFC3E
:107E680094F8E43B23B1D4F8043CDB69DB0600D486
:107E780010BD04F53D60FFF7E5FAD4F8043C102284
:107E88001A6210BD80B0012410B50B4C04F6B45032
:107E980007F020FC94F8943D23B1D4F8B43DDB6995
:107EA800DB0600D410BD04F55860FFF7CBFAD4F810
:107EB800B43D10221A6210BD80B0012410B5EFF352
:107EC800108472B6084B1A78120602D504B962B645
:107ED80010BD1B784FF4D87204485BB202FB030054
:107EE800C03002F0BDFAF1E7B4BF012480B001242C
:107EF80010B5EFF3108472B6094B1A78120602D542
:107F080004B962B610BD1B784FF4D87205485BB24D
:107F180002FB030000F59C7002F0A2FAF0E700BF34
:107F2800B4BF012480B001240021FFF751BC00BF79
:107F3800214A036893422BD0A2F54C42934229D0A0
:107F480002F58062934227D002F58062934225D0E1
:107F580002F58062934223D002F54442934221D035
:107F6800A2F51C4293421FD002F5806293421DD0B5
:107F7800124A93421CD108224FF4D871104B01FBCE
:107F88000233197D11B11846FFF75CBAFFF720BC20
:107F98000022F1E70122EFE70222EDE70322EBE7F7
:107FA8000422E9E70522E7E70622E5E70722E3E7F7
:107FB80000231B7DFFDE00BF00100140000C0058AD
:107FC80080B00124204A0368934229D0A2F54C428C
:107FD800934227D002F58062934225D002F5806251
:107FE800934223D002F58062934221D002F54442A5
:107FF80093421FD0A2F51C4293421DD002F5806225
:1080080093421BD0114A93421AD1082310484FF4C7
:10801800D87202FB0300037D03B97047FFF712BA59
:108028000023F3E70123F1E70223EFE70323EDE75A
:108038000423EBE70523E9E70623E7E70723E5E75A
:1080480000231B7DFFDE00BF00100140000C00581C
:1080580080B001240121FFF7BBBB00BF2DE9F0412F
:108068004F684FF4D876DFF8C0808E4607FB06F6D7
:108078000C46082F08EB0605056005F1180CBEE84C
:108088000F00ACE80F009EE807008CE8070002D854
:108098006B6A022B02D90120BDE8F0812A6A032A03
:1080A800F9D8A96A0229F6D8E86A0228F3D8013172
:1080B800DFF878C0343689005CF8277046446F636F
:1080C800A469A9641549AC6351F823306B64144B57
:1080D80053F82230134A2B64002352F8201001224F
:1080E8003046EB65E963C5E91333C5E9153208F095
:1080F800DFFE0028CFD10146304608F031FF0028C6
:10810800C9D10146304608F07DFF0028C3D130466A
:1081180008F008FF0028BED12875BDE7344C0108D7
:10812800404C0108504C010880B00124104C010853
:10813800534B0122002047F6122130B4C3E97420C2
:10814800C3E97721C3E9E020C3E9E3211A62DA62CF
:1081580058621963C3F83025C3F83405C3F83C25C1
:10816800C3F84015C3F8E026C3F8E406C3F8EC26C4
:10817800C3F8F016C3F89028C3F89408C3F89C28ED
:10818800C3F8A018C3F8402AC3F8440AC3F84C2A15
:10819800C3F8501AC3F8F02BC3F8F40BC3F8FC2B40
:1081A800C3F8001CC3F8A40D3648C3F8A02DC3F8C3
:1081B800AC2DC3F8B01D0288837833490068334C6E
:1081C800CA804FEA104C0B723149E2802372A1F841
:1081D8000320A4F8032063714B712E4CCA800B72E4
:1081E8002D492E4DE2802372A1F80320A4F8032024
:1081F80063714B712A4CCA800B722A49EA80088045
:108208002B7281F802C0E2802372A1F803204B711F
:10821800CA800B722449A1F803204B71CA800B72E3
:108228002249A1F803204B71CA800B7220490880AB
:1082380081F802C0A1F803204B71CA800B721D4956
:10824800088081F802C0A1F803204B71CA800B7224
:108258001949088081F802C01848A1F803204B7119
:10826800CA800B721649A0F803204371C2800372BA
:10827800A1F803204B71CA800B7230BC704700BF55
:1082880080B0012460010024E80100240C020024CD
:10829800000200242402002418020024F40100240F
:1082A800D0010024E0BF012430020024DC010024B6
:1082B800BCBF0124D4BF0124C8BF01245401002439
:1082C800480100243E4B00220B20114610B5D3F87C
:1082D800D84082B044F00104C3F8D840D3F8D8405D
:1082E80004F001040094009CD3F8D84044F0020440
:1082F800C3F8D840D3F8D83003F002030193019BA8
:1083080001F084FB0B2001F0BFFB00220C2011467A
:1083180001F07CFB0C2001F0B7FB00220D20114678
:1083280001F074FB0D2001F0AFFB00220E20114676
:1083380001F06CFB0E2001F0A7FB00220F20114674
:1083480001F064FB0F2001F09FFB00221020114672
:1083580001F05CFB102001F097FB00223C20114645
:1083680001F054FB3C2001F08FFB00221120114644
:1083780001F04CFB112001F087FB00223820114648
:1083880001F044FB382001F07FFB00223920114620
:1083980001F03CFB392001F077FB00223A2011461E
:1083A80001F034FB3A2001F06FFB00223B2011461C
:1083B80001F02CFB3B2002B0BDE8104001F064BB8B
:1083C8000044025820F01F002031BFF34F8F0029CE
:1083D80007DD064A0144C2F85C0220300B1A002B64
:1083E800F9DCBFF34F8FBFF36F8F704700ED00E0EC
:1083F800704700BF08B500F0EDFCBDE8084001F08B
:10840800CDBB00BF064808B503680BB102F08CFD70
:10841800044803681BB1BDE8084003F07BBC08BDF5
:10842800F8C30124F0BF0124064808B503680BB15E
:1084380002F07AFD044803681BB1BDE8084003F068
:1084480069BC08BDF8C30124F0BF0124064808B57B
:1084580003680BB102F068FD044803681BB1BDE86E
:10846800084003F057BC08BDF8C30124F0BF01243D
:10847800364BDA6A520062D59A6A9A6A9A6A9B6A95
:10848800180600D500BE314B9B6A990600D500BE80
:108498002E4B9B6ADA0600D500BE2C4B9B6A1B0745
:1084A80000D500BE294B9B6A980700D500BE274B14
:1084B8009B6AD90700D500BE244B9B6A1A0400D5D5
:1084C80000BE224B9B6A9B0400D500BE1F4B9B6AD3
:1084D800D80400D500BE1D4B9B6A190500D500BE07
:1084E8001A4B9B6A5A0500D500BE184B9B6A9B0520
:1084F80000D500BE154B9B6AD80500D500BE134BAE
:108508009B6A990100D500BE104B9B6ADA0100D521
:1085180000BE0E4B9B6A1B0300D500BE0B4B9B6A2B
:10852800580300D500BE094B9B6A990300D500BECD
:10853800064B9B6ADA0306D400BE00BEFEE7DB6A80
:108548009B07FAD5F8E700BEF6E700BF00ED00E0AC
:1085580000F04CBC00F050BC0A4B9B6803F1784318
:10856800B3F5003F0BD3084B986848B198680128C9
:1085780006D09868022803D09B6803207047012022
:10858800704700BF00ED00E0000080382DE9F041A1
:10859800CEB004464C2200210AA80CF0D9FA2022B9
:1085A800002102A80CF0D4FABC2200211EA80CF06D
:1085B800CFFA022004F022F82368012B4FF00003C1
:1085C80054D0534A02250193C820D16A514B21F057
:1085D8000101D162D26A02F0010201929A6942F461
:1085E80040429A619B6903F440430193019B494AC5
:1085F80093699B04FCD548490224002201268B6A12
:1086080004274FF0080823F0030323438B62052354
:1086180016900AA818934FF480331096179419945B
:108628001597CDF86880CDE91B222122CDE91344A6
:10863800CDE90A2304F0CCFC00B1FEE73F22032376
:10864800294602A8CDE9022300220823CDE9042304
:1086580040224023CDE9062340234FF48062CDE930
:10866800082304F0E3FF0346B8B1FEE7294A0425CE
:108678000093F0209169264B41F440419161926941
:1086880002F440420092DA6A42F00102DA62DB6ADE
:1086980003F001030093009BA9E720224FF48051C7
:1086A80025934FF440152B9280222D931EA83093CA
:1086B800269135914FF48071249234920C22339490
:1086C800439140F2271120921022CDF884802A97F6
:1086D8001F96CDE92E34CDE93B334FF48033CDE9F5
:1086E80022463193002446930623CDE93E4527933D
:1086F8004FF48063094C2C931E94CDE9281205F0A1
:10870800F1F900B1FEE703F09FFF4EB0BDE8F0813C
:108718000004005800480258004402580F130F0381
:1087280070B584B0012401F0E7F94FF480764FF07A
:108738004052194B68460025ADF800400396CDE934
:10874800012301F0F7F919224FF0404368468DF8EC
:10875800082001938DF80F40ADF80D608DF80140A9
:108768008DF80A5001F0E6F902230B2268468DF8CD
:108778000F508DF801304FF062538DF808200193A7
:10878800ADF80D408DF80A4001F0D4F9042001F04D
:10879800C1F904B070BD00BF0E00010330B50D462D
:1087A800044685B0D1E9000184E8030000F0E2FA4C
:1087B800AB79A3B3FFF786FDFDF7A6FE0AF06CFBC5
:1087C800FFF718FA2B798BBB6B799BB1BFF34F8FEF
:1087D800BFF36F8F2A4B0022C3F85022BFF34F8F8D
:1087E800BFF36F8F5A6942F400325A61BFF34F8F5B
:1087F800BFF36F8F4FF0FF32002300240025694636
:10880800204802928DF80C30CDE900450AF064FF4B
:108818001C480AF0C9FF09F06FFF05B030BD2046BB
:10882800FFF7B4FE2046FFF77BFFC3E7144C002395
:10883800C4F88430BFF34F8FD4F8801043F6E07E3D
:10884800C1F34E3CC1F3C9014FEA4C1C0CEA0E00BF
:108858000B4640EA8372013BC4F860225A1CF8D1E7
:10886800ACF1200C1CF1200FF0D1BFF34F8F6369DE
:1088780043F480336361BFF34F8FBFF36F8FA3E778
:1088880000ED00E0ECBF012405F000B81C4B9B682C
:1088980003F17842B2F5003F25D3B3F5803F20D3EA
:1088A80003F16042B2F5003F1FD303F15C42B2F519
:1088B800002F1CD303F17042B2F5902F19D303F1A6
:1088C8004842B2F5803F16D303F18042B2F1806F7F
:1088D80013D303F1E043B3F5000F2CBF08200720A2
:1088E800704701207047002070470220704703201E
:1088F800704704207047052070470620704700BF66
:1089080000ED00E003480023034A044903600BF02C
:10891800ADBF00BFECBF012400000024F9830008AC
:1089280010B4204C0022204B83B0D4F888101F4884
:1089380041F47001C4F8881019681D4C41F0010118
:1089480019601A61196808401A4918609A61DA6151
:108958001A629A62DA621A635A639A63DA631A6469
:108968005A64186820F4802018601A66D3F8DC204E
:1089780042F06042C3F8DC20D3F8DC300193019B5D
:1089880023681940B1F1005F03D20B4B0122C3F8F1
:108998000821044B4FF000629A6003B05DF8044B65
:1089A800704700BF00ED00E0004402587FEDF6EA92
:1089B8000010005C0000FFFF0080005100F571719D
:1089C800D0F8040409F026BAC1EBC10300EB830315
:1089D800D0F80404D3F8082209F04ABAC1EBC1035D
:1089E80000EB8303D0F804049A6C09F07FBA00BF47
:1089F800D0F8040409F01EBBC16810B5044619B1CB
:108A0800022900D0FEE70121D4F8040409F0FCFA99
:108A1800D4F80404BDE8104009F0CEBA10B50446F5
:108A2800D0F8040409F0F4FA2268D2F8003E43F0C2
:108A38000103C2F8003E236A23B1034A136943F0D5
:108A48000603136110BD00BF00ED00E0D0F8040478
:108A580009F0E8BAD0F8040409F0FCBAD0F8040424
:108A680009F0F6BAD0F8040409F0F6BAD0F804040C
:108A780009F0F4BA9446D0F898021A4608B5634645
:108A880003F0ACFC032802D8024B185C08BD022096
:108A980008BD00BF6C4C0108D0F8980208B503F077
:108AA8002BFD032802D8024B185C08BD022008BD24
:108AB8006C4C0108D0F8980208B503F061FD032852
:108AC80002D8024B185C08BD022008BD6C4C010896
:108AD8000A06D0F8983206D4C1EBC10103EB810134
:108AE80091F8FE01704701F07F01C1EBC10103EB72
:108AF800810191F83E007047D0F8980208B503F05C
:108B080057FC032802D8024B185C08BD022008BD98
:108B18006C4C0108D0F8980208B503F0C5FC03288E
:108B280002D8024B185C08BD022008BD6C4C010835
:108B3800D0F8980208B503F08FFC032802D8024B3E
:108B4800185C08BD022008BD6C4C0108D0F8C002B2
:108B580009F032BDD0F8C00209F046BDD0F8C00215
:108B680009F04EBD704700BFD0F8C00209F034BD0F
:108B7800D0F8C00209F034BDD0F8D00308B502F02F
:108B880093FD032802D8024B185C08BD022008BDDB
:108B9800704C0108064B01EB410103EB8101D1F850
:108BA80000C04A688B68C0F800C0426083607047A4
:108BB800744C0108024B027853F82200704700BF3A
:108BC800F44C0108024B427833F81200704700BF9A
:108BD800D44C01088CB00A2814D8DFE800F015231B
:108BE800313F4D5B6977859306004D4BD3F8E02004
:108BF80042F48062C3F8E020D3F8E03003F48063E5
:108C08000B930B9B0CB07047454BD3F8E02042F018
:108C18000102C3F8E020D3F8E03003F00103019328
:108C2800019BEFE73E4BD3F8E02042F00202C3F885
:108C3800E020D3F8E03003F002030293029BE1E75F
:108C4800374BD3F8E02042F00402C3F8E020D3F811
:108C5800E03003F004030393039BD3E7304BD3F8CE
:108C6800E02042F00802C3F8E020D3F8E03003F037
:108C780008030493049BC5E7294BD3F8E02042F08E
:108C88001002C3F8E020D3F8E03003F01003059396
:108C9800059BB7E7224BD3F8E02042F02002C3F847
:108CA800E020D3F8E03003F020030693069BA9E701
:108CB8001B4BD3F8E02042F04002C3F8E020D3F881
:108CC800E03003F040030793079B9BE7144BD3F86E
:108CD800E02042F08002C3F8E020D3F8E03003F04F
:108CE80080030893089B8DE70D4BD3F8E02042F4EE
:108CF8008072C3F8E020D3F8E03003F4807309935E
:108D0800099B7FE7064BD3F8E02042F40072C3F8D2
:108D1800E020D3F8E03003F400730A930A9B71E76C
:108D280000440258704700BF0F4B1B780BB9012055
:108D3800704710B504464FF47A700C4AB0FBF3F351
:108D48001068B0FBF3F000F0C1FE0F2C00D808B19A
:108D5800012010BD002221464FF0FF3000F056FEE2
:108D6800034B00201C6010BD440200243C02002478
:108D78004802002438B50320124D00F035FE124C8D
:108D880004F0B4FB114A12499369C3F30323CB5C83
:108D980003F01F0320FA03F30E202B60926902F000
:108DA8000F028A5C02F01F02D3402360FFF7BCFF6A
:108DB80010B10124204638BD0446FFF7B3FF204612
:108DC80038BD00BF3C020024400200240044025881
:108DD8005C4C0108034A044B11681B780B44136070
:108DE800704700BFBCC6012444020024014B186828
:108DF800704700BFBCC6012438B50446FFF7F6FF2C
:108E08000546631C02D0044B1B781C44FFF7EEFF99
:108E1800431BA342FAD338BD44020024014B18680F
:108E2800000C70470010005C704700BF806B08B5ED
:108E3800FFF7FAFF08BD00BF836B5A6D12F0500FA1
:108E48005A6D10B51DD1196842F400725A650A6846
:108E580012F0080FCA681BD012F4406F0DD1CA680F
:108E680094040AD45A6D22F480725A655A6DD1045A
:108E780003D45A6D42F001025A651846FCF7A0FF68
:108E880010BDD2060AD4DB6CBDE81040DB6C184775
:108E98009007E7D01846FCF793FFF1E71846FDF76F
:108EA80033F810BD806B08B5436D43F0400343654C
:108EB800836D43F004038365FDF726F808BD00BF02
:108EC800F0B5002283B0019290F85020012A00F0FA
:108ED8001C81034601201A6883F8500094686407CF
:108EE80000F18A800C68C4F31305002D40F08F80D0
:108EF800C4F38464A0404D684FF01F0ED6694FEA52
:108F0800951C30430CF00C0CD06105F01F0002F1E9
:108F1800300584400EFA00FE5CF8050020EA0E00D9
:108F280004434CF80540906840076ED4956815F0E6
:108F3800080547D10C68072002F11406B94F4FEA1B
:108F4800D45CC4F304540CF0040C00FA04FE8868E2
:108F580000FA04F45CF8060020EA0E0020434CF8FE
:108F68000600386800F07040B0F1805F00F0C580FE
:108F7800D068D668C70600F1E880C6F3820648695B
:108F8800760000FA06F60F69042F00F0C18002F19E
:108F98006004086854F827C000F0F8400CF0004C52
:108FA80040EA0C00304344F82700487E0E69012847
:108FB80054F8260008BF4FF0004520F00040054354
:108FC80044F826509068C40714D4CE68086806F0A0
:108FD8001807954CD2F8C050FC40C0F31307044062
:108FE80025EA07052C43C2F8C040904CA64246D05B
:108FF800002816DB002003E05A6D42F020025A6573
:10900800002283F8502003B0F0BD9068DAE794FAA4
:10901800A4F5B5FA85F5C4F3846405F01F05A840E6
:1090280069E783498A4200F0B68001F580718A4277
:1090380000F0B1807F4D804CA968A46801F0E0760B
:10904800E44304F00104002C00F0B4807B4CA042FF
:1090580000F0FC807A4CA04200F01A81794CA042C2
:10906800C8D14902C6D474498A42C3D1AA6800202B
:1090780022F0E072324342F48002AA60C0E7002F77
:109088006AD090FAA0F4B4FA84F4013404F01F040E
:10909800092C00F2A48090FAA0F4B4FA84F490FAAF
:1090A800A0F5B5FA85F5013401260135A40605F0C9
:1090B8001F0504F0F84406FA05F52C4390FAA0F0D1
:1090C800B0FA80F0304400F01F0000EB40000005CB
:1090D8002043C60D02F11405C0F30450072406F01E
:1090E800040604FA00F7745924EA07048F6807FA9B
:1090F80000F02043705108687AE7D6684869C6F3DB
:109108008206760000FA06F63DE7022003B0F0BDBD
:10911800106E0C6800F0F840A506B0EB846F30D0F4
:10912800506E00F0F840854226D0906E00F0F8406E
:1091380085422BD0D06E00F0F84085427FF442AFD4
:10914800D06E20F00040D0663CE77608486906F00B
:10915800080600FA06F616E7800E441C04F01F06FF
:10916800092E2DD8A406012004F0F844B040044389
:1091780006EB46000005ABE7506E20F00040506655
:10918800D3E7106E20F000401066C9E7906E20F01B
:1091980000409066CEE7264C2B4D04F58074A968F4
:1091A80054F8F86CA468344301F0E076E44304F022
:1091B800010448E75A6D012042F020025A651FE772
:1091C80006EB4600A50601241E3805F0F84504FA0A
:1091D80006F60005354340F00070284379E790FA19
:1091E800A0F5B5FA85F590FAA0F4B4FA84F401353F
:1091F80001260134AD0604F01F0405F0F84506FA0F
:1092080004F4254390FAA0F4B4FA84F4344404F046
:109218001F0404EB4404A4F11E00000540F0007094
:10922800DBE700BF0010005CFFFF0F000000FF47F6
:10923800002002400063025800600258000084CBFE
:10924800000052C70000B8CF0023024008023FF5D3
:10925800D1AE17498A427FF4CDAE164AA968126882
:10926800154821F0E07192093143A0FB020241F454
:1092780000019209A96052000192019A002A3FF464
:10928800B9AE019A013A0192019A002AF9D1B1E6E0
:1092980011F080707FF4AEAE05498A427FF4AAAE21
:1092A800AA6822F0E072324342F08072AA60A7E610
:1092B800006002583C020024632D3E0503689A684A
:1092C800D20701D5002070479968214A114270B52C
:1092D800044608D0636D012043F010036365A36D55
:1092E8000343A36570BD99681A4A0A4042F0010217
:1092F8009A60FFF77BFD2368174A054693421ED004
:1093080002F5807293421AD0144A9268114E0AE00C
:109318009A68324042F001029A60FFF767FD401BED
:109328000228D7D823681A68D2070FD49A68D107B9
:10933800EED5FFF75BFD401B0228F3D9CAE7084AC0
:109348009268D006E2D0074A9342DFD1002070BD70
:109358003F000080C0FFFF7F0020024000630258EA
:1093680000230240002102402DE9F0413A4D044615
:1093780000680F461646A84219D0384B984216D0B6
:10938800374DAB688068420716D494F85020012AFC
:1093980012D003F01F080122B8F1090F84F85020F9
:1093A8000DD90023012084F85030BDE8F0812D4DFF
:1093B800AB6880684207E8D50220BDE8F08140F23A
:1093C800212323FA08F3DB4313EA0205E9D12046F7
:1093D800FFF774FF002839D1626D234B21681340D1
:1093E80043F480736365B8F1000F02D01B4B9942B8
:1093F80003D0636D23F480136365636D13F48053A6
:1094080028D0A36D23F00603A365E06C3346174DFF
:109418003A464031C563164D0564164DC5641C2592
:1094280041F8405C002584F8505051F83C5C45F008
:10943800100541F83C5C00F059FE22680E4B91681B
:109448000B4043F004039360BDE8F08184F850506A
:10945800BDE8F081A365D8E7002002400021024062
:109468000063025800230240FEF0FFFF418E00080F
:10947800358E0008AD8E0008C0FFFF7F38B5036841
:109488009A68910702D59B68002038BD9A68D20770
:1094980023D59A68044602F00D02012A08D0636DAC
:1094A800012043F010036365A36D0343A36538BD32
:1094B800986803210A4A024042F002029A60196041
:1094C800FFF794FC054604E0FFF790FC401B0228D8
:1094D800E5D823689B68DB07F6D4002038BD00BFB9
:1094E800C0FFFF7F38B5574A04460368934226D029
:1094F80002F58072934222D0534B9B6813F4403F8D
:1095080022D004F0ADF963680546B3F5003F00F0DA
:109518008880B3F5403F70D0B3F5803F00F081807C
:10952800FFF77CFC41F2030398422DD8474B9D423C
:109538005DD92268936843F48073936038BD444BC7
:109548009B6813F4403FDCD14FF4002005F054FA37
:1095580063680546B3F5101F6DD008D8B3F5E01F52
:1095680055D01AD9B3F5001FDAD14509D8E7B3F5B4
:10957800201F4AD0B3F5301FD2D1FFF74FFC41F27C
:109588000303984233D92D0A324B9D421DD82268D5
:10959800936823F44073936038BDB3F5801F06D0F9
:1095A8000AD9B3F5A01F02D0B3F5C01FB8D19B0CE0
:1095B8005B00B5FBF3F5B3E7B3F5002FF7D023F461
:1095C8000022B2F5802FF2D0AAE7234B234A2B447E
:1095D80093421ED9224B234A2B4493422268936814
:1095E8002BD823F4407343F40073936038BD22688A
:1095F800936823F48073936038BD8508FFF70EFCE9
:1096080041F203039842BFD890E7C50988E70509E6
:1096180086E72268936823F4407343F48073936069
:1096280038BD1B0CB5FBF3F5FFF7F8FB41F203035C
:109638009842A9D87AE7850972E743F440739360A2
:1096480038BD00BF0020024000630258002D3101E0
:1096580000230240105E5F00EFA1A0FF0F5E5F00D5
:10966800DF4341FF1FBCBE0030B5002383B0019328
:10967800002800F0D080456D0446002D00F0BA8027
:10968800226893689B0003D59168714B0B409360E7
:109698009368DD0015D46F4B90686F491B680140D3
:1096A8006E489B0941F08051A0FB030391609B0920
:1096B8000193019B2BB1019B013B0193019B002B63
:1096C800F9D19368D80024D4636D012543F01003C1
:1096D8006365A36D2B43A365936813F0040F636D53
:1096E8001DD1D9061BD4636D23F4817343F00203A3
:1096F80063659368DB0728D4594B9A4217D003F562
:1097080080739A4213D0574B9B68D9071DD4564A89
:1097180015E09368002513F0040F636DE1D0636DC5
:10972800012543F010032846636503B030BD4C4A59
:109738004E4B92689B681343D80706D44C4A9368EB
:10974800616823F47C130B439360FFF767FB41F2D6
:109758000303A1689842237F52D894F815C01A04CD
:10976800206B42EA4C3202430A43012B03D1236A9D
:10977800013B42EA4342636A23B103F47873A16A66
:109788000B431A4323683B49D86801400A43DA600F
:109798009A6812F0040F9A681CD112071AD4D86874
:1097A800354A217D024042EA8132E16A0A43DA60A1
:1097B80094F83820012A3AD01A6922F001021A6175
:1097C8001A692046616B22F070420A431A61FFF75A
:1097D80089FE2368E268012A21D01A6B22F00F0261
:1097E8001A63636D284623F0030343F0010363659E
:1097F80003B030BDFCF792FAA56584F850503FE7F6
:109808001029AAD1617D1A0442EA4132216B0A4328
:1098180042F01C02A9E70125284603B030BD196BA8
:10982800A26921F00F01013A0A431A63D9E7D4E982
:10983800102118690A43114901400A43A16C0A43DF
:10984800E16B42EA014242F001021A61B8E700BF47
:10985800C0FFFF5F3C020024C0FFFF6F632D3E0581
:1098680000200240006002580063025800210240B4
:109878000023024003C0F0FFFCBFFFFF1EF800FCFE
:10988800F0B5002383B0019390F85030012B40D0FD
:10989800012304460E46154680F85030FFF7EEFDCA
:1098A800E8B9676D05F080421B4B06F480311B4D0B
:1098B8003B401B4F43F00203636523689E683540B5
:1098C80015430D4345F000459D609A68002A0FDB5B
:1098D800636D23F0030343F00103636503E0636DE5
:1098E80043F010036365002384F8503003B0F0BDE3
:1098F800019A01320192019ABA42E6D9636D0022B7
:10990800012023F0120384F8502043F0100363650C
:10991800ECE7022003B0F0BDFDEEFFFFC0FFFE3F05
:10992800FF955A55F0B490F850200E68012A49D096
:109938000346294A01201C6883F85000944208D045
:109948005A6D002142F0200283F850105A65F0BC8D
:109958007047224DAA6852070AD5A2685A6D01209D
:1099680042F020025A65002283F85020F0BC70476C
:10997800A06810F00400F1D1C6B1DFF868C04F68E4
:10998800DCF8082022F440423A43CCF80820A468C6
:10999800AA682243D40713D48A68DCF8081016434F
:1099A8000F4A0A401643CCF80860DCE70D498A687C
:1099B80022F440428A60A068AA680243D00704D50E
:1099C8000020D0E70220F0BC70478C683046044A7B
:1099D80022408A60C7E700BF002002400021024001
:1099E800E0F0FFFF0023024006494FF6FF0C00029B
:1099F800054BCA6800F4E06002EA0C021043034316
:109A0800CB60704700ED00E00000FA051B4BDB68F7
:109A1800C3F3022300B5C3F1070E03F1040CBEF132
:109A2800040F28BF4FF0040EBCF1060F1AD9033BF0
:109A38004FF0FF3C0CFA03FC22EA0C024FF0FF3C0B
:109A480000280CFA0EFC21EA0C0101FA03F141EAA4
:109A580002010ADB09010A4BC9B2034483F8001367
:109A68005DF804FB00221346E8E700F00F00090147
:109A7800044BC9B2034419765DF804FB00ED00E01D
:109A880000E100E0FCEC00E0002807DB00F01F012B
:109A980001234009024A8B4042F82030704700BF3A
:109AA80000E100E000280DDB4309012200F01F005F
:109AB8000549203302FA00F041F82300BFF34F8F25
:109AC800BFF36F8F704700BF00E100E0431EB3F1A2
:109AD800807F0CD24FF0E022002006494FF0F00CB6
:109AE8005361072381F823C09061136170470120F7
:109AF800704700BF00ED00E0BFF35F8F044B00210B
:109B08005A6A22F480325A62C3F89410704700BF30
:109B180000ED00E0064B40F00100C3F894005A6ADB
:109B280042F480325A62BFF34F8FBFF36F8F704792
:109B380000ED00E0174A4378C2F89830017821B365
:109B4800436800B5C2F89C30C37A90F80CC01B0675
:109B580090F80FE043EA0C7390F80AC00B43817B3E
:109B680043EACC4390F80DC043EA8C4390F809C00F
:109B780043EA4143017A43EA0E4343EA0C2343EAAA
:109B88004103C2F8A0305DF804FBC2F89C10C2F88B
:109B9800A010704700ED00E0704700BF08B5FFF760
:109BA800FBFF08BD0268344B344930B4344D354CA2
:109BB800AA4218BF9A420CBF012300238A4208BF59
:109BC80043F001033031A24208BF43F001033034AF
:109BD8008A4208BF43F001033031A24208BF43F074
:109BE800010330348A4208BF43F0010301F55C7178
:109BF800A24208BF43F0010304F55C748A4208BF1F
:109C080043F001033031A24208BF43F0010330346E
:109C18008A4208BF43F001033031A24208BF43F033
:109C2800010330348A4208BF43F001033031A242B5
:109C380008BF43F001038A4208BF43F0010313B988
:109C4800114B9A4213D1D3B21049114C103BA1FBCE
:109C580003515F2B0F4BC1F3021103EA0203615C4E
:109C680088BF0433C1658365184630BC704722F04D
:109C7800FF038365F8E700BF100002404000024080
:109C88002800024058000240B8040240ABAAAAAA21
:109C9800244D010800FCFFFF0368294A294930B414
:109CA800294D2A4CAB4218BF93420CBF0122002217
:109CB8008B4208BF42F001022831A34208BF42F09C
:109CC800010228348B4208BF42F001022831A34226
:109CD80008BF42F001028B4208BF42F0010212B9EC
:109CE8001B4A934213D1DBB21A4C1B4A0121083B91
:109CF8001A4DA4FB0343456602EB1312C3F3041386
:109D0800920001FA03F30266836630BC7047DAB248
:109D18001349144C1944103AA829A4FB02234FEA0A
:109D2800131300D80833104A03F01F0501210F4C04
:109D38001A44A9404466920081660266E5E700BFBE
:109D480008540258305402581C54025844540258BB
:109D580094540258CDCCCCCC0096001680580258AA
:109D6800F0FBFDBFABAAAAAA00820010800802403F
:109D780070B50446FFF73AF8002C00F0C680236857
:109D88000546954A934248D01832934245D030321E
:109D980092498B4218BF934201F130010CBF012256
:109DA80000228B4208BF42F0010218318B4208BFE3
:109DB80042F0010218318B4208BF42F0010218310B
:109DC8008B4208BF42F0010201F556718B4208BF71
:109DD80042F0010218318B4208BF42F001021831EB
:109DE8008B4208BF42F0010218318B4208BF42F093
:109DF800010218318B4208BF42F0010218318B4230
:109E080008BF42F0010218318B4208BF42F001023C
:109E18001AB9734A934240F0F5800222002184F86F
:109E2800352084F834101A6822F001021A6005E01F
:109E3800FEF7DCFF431B052B40D823681A68D107BF
:109E4800F6D4D4E9022521692A43A0691D680A438A
:109E580061690A43E16902430A4362492940256A64
:109E68002A430A43616A04292FD01A605A6922F0EA
:109E78000702114359612046FFF794FEE26D3F2324
:109E880002F01F02934083602046FFF705FFA36896
:109E9800802B3CD06368A06EDAB2013BD4E918513C
:109EA800072B2A60486026D90023C4E91B3363675F
:109EB80000200123606584F8353070BD202203231B
:109EC8000120626584F8353070BDD4E90B5129430F
:109ED8000A431A605969A26A21F00701114341F047
:109EE8000401002DC6D000284FD1012A6ED032F0CF
:109EF8000202BFD151E0501E072810D9626FD4E981
:109F08001B31002018604A60D2E7012070BD002391
:109F1800A16ED4E91802636003605160C4E7216848
:109F2800314B324DA94218BF994205F114050CBFB7
:109F380001230023A94208BF43F001031435A942B5
:109F480008BF43F001031435A94208BF43F00103D9
:109F58001435A94208BF43F001031435A94208BFCC
:109F680043F001033BB9224B994204D0214B2249CB
:109F780013449B0003E0214B214913449B00012219
:109F88008240C4E91B316267BBE7B0F5005F0ED0C1
:109F9800022A05D9032A7FF46DAFEA017FF56AAF7B
:109FA800012340221846626584F8353070BD032AC3
:109FB8003FF660AF01A050F822F000BFA99F00084B
:109FC800A39F0008A99F0008D59F0008B5F1C07F8E
:109FD8007FF450AFE4E700BF1000024040000240A9
:109FE800B80402403F8010FE085402581C5402581E
:109FF800945402583F820010400902403F960016D0
:10A0080040590258324A33483349834218BF934271
:10A0180000F128000CBF012200228B4208BF42F049
:10A0280001022831834208BF42F0010228308B42E6
:10A0380008BF42F001022831834208BF42F0010202
:10A048008B4208BF42F0010212B9244A934238D128
:10A0580002220021224D84F8341084F835201A6831
:10A068001540A268402A2AD0802A0CBF4FF48040AD
:10A078000846266AD4E90312D20842EAD102616985
:10A0880042EAD102A16942EAD102E16942EAD10277
:10A09800144942EA161219442A4302431248A0FB03
:10A0A800010120461A600B099B00E365FFF77AFD62
:10A0B800E26D012302F01F0293404360E4E61020A2
:10A0C800D7E7402203230120626584F8353070BD4C
:10A0D800085402581C5402583054025894540258D8
:10A0E8000F00FEFFF8ABFDA7CDCCCCCC002800F0CC
:10A0F800BC80844690F83400012800F0B880012024
:10A108002DE9F0419CF835408CF83400844208D0A1
:10A1180000224FF400638CF83420CCF85430BDE8AA
:10A12800F0810220DCF800507A4C8CF835000020D1
:10A13800794ECCF854007948854218BFA54200F101
:10A1480018000CBF01240024854208BF44F0010414
:10A158001830854208BF44F001041830854208BF12
:10A1680044F001041830854208BF44F0010400F5AA
:10A178005670854208BF44F001041830854208BF74
:10A1880044F001041830854208BF44F00104183037
:10A19800854208BF44F001041830854208BF44F0E6
:10A1A80001041830854208BF44F001041830854284
:10A1B80008BF44F001041830854208BF44F0010488
:10A1C800A0F59560B54218BF8542DCF86C600CBFFD
:10A1D8000120002054EA0008286820F001002860C7
:10A1E800DCF86400DCF86840DCF85870446040D063
:10A1F80016B1DCE91C044460DCF85C004FF03F0E4B
:10A2080000F01F000EFA00F0B860286820F48020E3
:10A2180028606B60DCF80830402B23D0A960EA6026
:10A228002B6823F01E0343F016032B60DCF8403044
:10A238001BB12B6843F008032B60DCF860301A6808
:10A24800D20303D51A6842F480721A601EB13368CB
:10A2580043F4807333602B68002043F001032B60C4
:10A26800BDE8F081AA60E960DAE7012070470220C2
:10A27800704716B1DCE91C0444602948DFF8A8E0FF
:10A28800754518BF85420EF1140E0CBF0120002041
:10A29800754508BF40F001000EF1140E754508BF62
:10A2A80040F001000EF1140E754508BF40F00100A2
:10A2B8000EF1140E754508BF40F001000EF1140EA2
:10A2C800754508BF40F0010010B9164885420ED107
:10A2D800DCF85C0000F01F0E012000FA0EF0786038
:10A2E8006B60DCF80830402B10D0A960EA602B685E
:10A2F80023F00E0343F00A032B60DCF84030002BF8
:10A308009BD02B6843F004032B6096E7AA60E960B2
:10A31800EDE700BF4000024028000240580002401C
:10A3280008540258945402581C54025800285FD00C
:10A3380038B590F835200346022A55D10168444AB9
:10A34800914248D01832914245D03032414C42486F
:10A35800A14218BF914204F148040CBF0122002217
:10A36800814208BF42F001023030A14208BF42F0EA
:10A3780001023034814208BF42F0010200F55C70EE
:10A38800A14208BF42F0010204F55C74814208BF93
:10A3980042F001023030A14208BF42F001023034DD
:10A3A800814208BF42F001023030A14208BF42F0AA
:10A3B80001023034814208BF42F001023030A1422C
:10A3C80008BF42F00102814208BF42F0010212B9FF
:10A3D800224A91420ED10422002083F835200B68CE
:10A3E80023F001030B6038BD802201205A6538BD77
:10A3F800012070470A681C6E22F00E02D86D9D6D10
:10A408000A6000F01F000A6822F001020A600122B7
:10A418002168824021F4807121606A60DA6ED3E994
:10A428001910486032B11168D3E91C0421F4807115
:10A4380011604460002401211A6D83F8344083F8C8
:10A4480035101AB118469047204638BD104638BD19
:10A45800100002404000024070000240B804024070
:10A468002DE9F04300229C4B83B09C4E1D68814629
:10A47800019203689A4A846D934218BFB3422768D1
:10A4880008BF0126216818BF002645D01832954814
:10A49800834218BF934200F118000CBF012200222A
:10A4A800834208BF42F001021830834208BF42F0DD
:10A4B80001021830834208BF42F00102183083427B
:10A4C80008BF42F0010200F55670834208BF42F00F
:10A4D80001021830834208BF42F00102183083425B
:10A4E80008BF42F001021830834208BF42F001025F
:10A4F8001830834208BF42F001021830834208BF77
:10A5080042F001021830834208BF42F001021AB932
:10A51800754A934240F05082D9F85C10082201F045
:10A528001F0C02FA0CF2174240F0888127FA0CF24D
:10A53800D2070CD55A69100609D5012202FA0CF285
:10A54800A260D9F8542042F00202C9F854204FF012
:10A55800040E0EFA0CF038425BD0002E4FD1634A3D
:10A56800DFF88081434518BF934208F118080CBFF3
:10A5780001220022434508BF42F0010208F11808F1
:10A58800434508BF42F0010208F11808434508BFD7
:10A5980042F0010208F11808434508BF42F00102E1
:10A5A80008F55678434508BF42F0010208F118083B
:10A5B800434508BF42F0010208F11808434508BFA7
:10A5C80042F0010208F11808434508BF42F00102B1
:10A5D80008F11808434508BF42F0010208F11808BD
:10A5E800434508BF42F0010208F11808434508BF77
:10A5F80042F001021AB93C4A934240F019821A68A3
:10A60800920706D5A060D9F8542042F00402C9F890
:10A618005420102202FA0CFC1CEA070F6CD0002E02
:10A6280045D1324A2F4EB34218BF934206F118065D
:10A638000CBF01220022B34208BF42F001021836C3
:10A64800B34208BF42F001021836B34208BF42F0D5
:10A6580001021836B34208BF42F0010206F55676E9
:10A66800B34208BF42F001021836B34208BF42F0B5
:10A6780001021836B34208BF42F001021836B3424D
:10A6880008BF42F001021836B34208BF42F0010287
:10A698001836B34208BF42F001021836B34208BF69
:10A6A80042F001021AB9104A934240F0C9811A686F
:10A6B800100721D5C4F808C01A68560300F14C8168
:10A6C8001A68D20503D41A6822F008021A60D9F869
:10A6D80040308BB10CE000BF3C0200241000024067
:10A6E8002800024058000240B804024040000240DE
:10A6F80048469847D9F85C1001F01F0120268E4083
:10A708003E4268D0D9F80020A54BA64FBA4218BFE0
:10A718009A4207F118070CBF01230023BA4208BF69
:10A7280043F001031837BA4208BF43F00103183752
:10A73800BA4208BF43F001031837BA4208BF43F0D2
:10A7480001031837BA4208BF43F001031837BA4269
:10A7580008BF43F0010307F55677BA4208BF43F034
:10A7680001031837BA4208BF43F001031837BA4249
:10A7780008BF43F001031837BA4208BF43F001038A
:10A788001837BA4208BF43F001031837BA4208BF66
:10A7980043F001031837BA4208BF43F001031BB95D
:10A7A800814B9A4240F062811368DB0613D5A6609C
:10A7B80099F83530042B136800F0AE8013F4802F1D
:10A7C800136800F0D3801C0340F1DE80D9F83C30D8
:10A7D8000BB148469847D9F85430002B00F0B9809F
:10A7E800D9F85430D8071FD5D9F80020042189F8A2
:10A7F8003510136823F0010313606C4BA3FB053578
:10A80800AD0A02E01368D90704D5019B0133AB42B6
:10A818000193F7D9002389F834301368DB074CBF5C
:10A828000323012389F83530D9F84C30002B00F088
:10A838009080484603B0BDE8F043184718684007C1
:10A848000AD5186820F004001860A260D9F85420CE
:10A8580042F00102C9F8542027FA0CF2D2077FF51A
:10A8680076AE534A5348834218BF934200F13000F2
:10A878000CBF01220022834208BF42F001021830B7
:10A88800834208BF42F001021830834208BF42F0F9
:10A8980001021830834208BF42F0010200F55670E9
:10A8A800834208BF42F001021830834208BF42F0D9
:10A8B80001021830834208BF42F001021830834277
:10A8C80008BF42F001021830834208BF42F001027B
:10A8D8001830834208BF42F001021830834208BF93
:10A8E80042F001021830834208BF42F00102002AF8
:10A8F8007FF420AE002E7FF41DAE1A68042202FAFF
:10A908000CF23A4240F09480102202FA0CFC17EA4A
:10A918000C0F3FF4F1AE84E623F01603136053697D
:10A9280023F080035361D9F840309BB3136823F0B8
:10A93800080313603F230025012203FA01F1D9F827
:10A948005030A16089F8345089F83520002B7FF405
:10A9580070AF03B0BDE8F0831B6818037FF5B7AE8E
:10A96800D9F84830002B7FF4C3AEC5E613F48073E2
:10A978007FF42CAF116821F010011160012289F8D1
:10A98800343089F8352021E7D9F84430002B7FF49A
:10A9980020AF20E7D9F84830002BC7D1CAE700BF5D
:10A9A8001000024028000240B8040240B5814E1B46
:10A9B80058000240400002404E4A4F4DAB4218BF7B
:10A9C800934205F114050CBF01220022AB4208BFD7
:10A9D80042F001021435AB4208BF42F001021435BF
:10A9E800AB4208BF42F001021435AB4208BF42F047
:10A9F80001021435AB4208BF42F0010212B93F4AC6
:10AA08009342A6D1D9F85C5004261A6805F01F05B0
:10AA1800AE400E4219D0570717D5100466604BD5C3
:10AA2800D1034FD4D9F84830002B7FF402AF90E718
:10AA38001A68102202FA0CFC17EA0C0F3FF45CAEFD
:10AA48001A6852077FF558AE34E60226AE400E4229
:10AA580011D097070FD56660140439D5D00343D4B5
:10AA6800D9F84430002B7FF4E4AE72E713689F07EF
:10AA78007FF5B1AE9BE60826AE400E423FF469AFC3
:10AA880011077FF566AF1A68002122F00E021A60DE
:10AA98000123D9F84C2003FA05F56560C9F854304C
:10AAA80089F8341089F83530002A3FF452AF484607
:10AAB80003B0BDE8F0431047920603D41A6822F0A9
:10AAC80004021A60D9F84030002B7FF4B2AE40E798
:10AAD80012F0200208D11968012421F00A01196036
:10AAE80089F8342089F83540D9F83C30002B7FF4B8
:10AAF800A0AE2EE7085402581C5402589454025829
:10AB0800406D70472DE9F04F0D6883B0002D00F0BF
:10AB1800D5800023DFF8688201229A4012EA050CEA
:10AB280000F0C7804E6826F01009B9F1020F40F016
:10AB3800C88003F007044FEAD30E4FF00F0A4FEA1C
:10AB4800840900EB8E0E0AFA09FADEF8204024EA9E
:10AB58000A0A0C6904FA09F406F0030944EA0A042B
:10AB6800CEF820404FEA430E0324D0F800A009FA9B
:10AB78000EF904FA0EF42AEA040AE44349EA0A0937
:10AB8800C0F80090D0F808A0CF6804EA0A0A07FACB
:10AB98000EF949EA0A09C0F80890C6F30019D0F876
:10ABA80004A009FA03F92AEA020249EA0202426009
:10ABB800C268F70004EA02048A6802FA0EF242EA5E
:10ABC8000402C26075D5644C23F0030E03F0030938
:10ABD800D4F8F420C6444FEA890942F00202C4F8C6
:10ABE800F420D4F8F42002F002020192019A0F2214
:10ABF800DEF8084002FA09F224EA0202574CA042A1
:10AC080025D004F58064A0427BD0554CA0427ED06C
:10AC1800544CA0426FD0544CA04200F08480534C56
:10AC2800A04200F08680524CA04276D0514CA042FF
:10AC380000F08580504CA04200F087804F4CA04225
:10AC48000CBF09240A2404FA09F942EA0902CEF8D9
:10AC580008204FF0B0426FEA0C0EF403D2F88020BF
:10AC68004FF0B04454BF0EEA02024CEA0202C4F8A4
:10AC78008020B203D4F884404FF0B04254BF0EEAAB
:10AC880004044CEA0404F702C2F8844014684FF044
:10AC9800B04254BF0EEA04044CEA04041460B4023F
:10ACA80052684FF0B04454BF0EEA02024CEA020266
:10ACB8006260013335FA03F27FF42EAF03B0BDE8CA
:10ACC800F08F4FEA430E0324D0F800B006F0030AD1
:10ACD80004FA0EF409F1FF390AFA0EFA2BEA040B0A
:10ACE800B9F1010F6FEA04044AEA0B0AC0F800A0A0
:10ACF8003FF65EAF46E7032404FA09F942EA09027F
:10AD0800A5E7012404FA09F942EA09029FE70224A7
:10AD180004FA09F942EA090299E7062404FA09F94A
:10AD280042EA090293E7042404FA09F942EA09020B
:10AD38008DE7052404FA09F942EA090287E707249E
:10AD480004FA09F942EA090281E7082404FA09F930
:10AD580042EA09027BE700BF00440258000002589B
:10AD680000080258000C025800100258001402583B
:10AD780000180258001C02580020025800240258EB
:10AD880000040058002900F0A88000232DE9F04FA6
:10AD9800DFF8689183B0DFF86881DFF868A1DFF831
:10ADA80068B14FF0010E0EFA03F212EA010C6FD0EF
:10ADB80023F0030503F003040F2640454D444FEAF2
:10ADC800C404AF6806FA04F607EA0607019721D01B
:10ADD800504566D0584567D0434FB8426ED0434F70
:10ADE800B84270D0424FB84263D0424FB84256D0B2
:10ADF800414FB84272D0DFF814E1704568D0DFF8EF
:10AE080010E1704514BF4FF00A0E4FF0090E0EFA0C
:10AE180004F400E00024019FA74219D1AC6824EA99
:10AE280006064FF0B044AE60D4F8805025EA0C0511
:10AE3800C4F88050D4F8845025EA0C05C4F884502E
:10AE4800256825EA0C052560656825EA0C05656016
:10AE580003255C0003F007070F2605FA04F40568CC
:10AE6800BF00254306FA07F70560DD0800EB8505F6
:10AE78002E6A26EA07062E62856825EA040585609B
:10AE8800456825EA02024260C26822EA0404C460F6
:10AE9800013331FA03F284D103B0BDE8F08F4FF0EB
:10AEA800060E0EFA04F4B6E74FF0020E0EFA04F49A
:10AEB800B1E74FF0050E0EFA04F4ACE74FF0030EBD
:10AEC8000EFA04F4A7E74FF0040E0EFA04F4A2E712
:10AED8004FF0080E0EFA04F49DE770474FF0070E86
:10AEE8000EFA04F497E700BF000C0258001002584D
:10AEF8000014025800180258001C02580004005898
:10AF080000000258000402580008025800200258A5
:10AF1800002402580369194214BF01200020704719
:10AF280002B90904816170472DE9F04F056885B0C1
:10AF38000446284606F014FD012802D005B0BDE8F5
:10AF4800F08F206806F0BCFC0028F7D0206806F0D7
:10AF5800B7FC10F4001F206802D04FF400134361BF
:10AF680006F0AEFC10F4801F206802D04FF4801366
:10AF7800436106F0A5FC10F0806F206802D04FF006
:10AF88008063436106F09CFC10F0020F20682FD10B
:10AF980006F096FC870000F11381206806F090FC0B
:10AFA800C60100F1CF80206806F08AFC000700F196
:10AFB800BE80206806F084FC10F0007F20681AD15B
:10AFC80006F07EFCC306B9D52568AB6923F01003EB
:10AFD800AB612E6AC6F34341C6F30A17022902D1B0
:10AFE800002F40F0C681AB6943F01003AB61A5E7C1
:10AFF80002234361CCE706F021FDD4F808E080463F
:10B008002068BEF1000F00F0998005F5A0650026C4
:10B018004FF0280B4FF0020A4AE000F5A0694A01F8
:10B0280009EB4117BB685B075DD50423BB60FB6870
:10B0380043F00203FB60BB68980500F1FD80BB6824
:10B04800DB0740F1CF80236953B101EB81003B69F5
:10B0580004EBC000C3F3120C836CA3EB0C03C364B2
:10B068008B004FF0010C4FF0000E581804EBC00095
:10B07800C0F858E080F85DC0C7F808C090F83FE015
:10B088001EF0FD0F00F06481BEF1030F00F0408256
:10B098000B4404EBC30393F8502082F0010283F8B9
:10B0A8005020D4F808E0206801362035764545D28E
:10B0B80006F00F0328FA03F3D907F5D52B68F1B288
:10B0C8001A04AAD400F5A0624FEA411C02EB41170A
:10B0D800BB6813F004090DD00423BB60FB6843F080
:10B0E8000203FB60E0E7BB689B0640F1B3802023C6
:10B0F800BB60A0E7BB6813F0200300F0CA8001EB37
:10B108008103202204EBC303BA6093F83D20012A8F
:10B11800CAD183F83D9083F85CA0FB6843F0020332
:10B12800FB6006F08FFCD4F808E02068BCE72046F6
:10B13800FDF70CFD2068082343613BE74FF00073DF
:10B1480043613DE72668D6F840340293D6F8403488
:10B158000393039B23F02E030393029B980707D5C1
:10B16800029BD90700F16381039B43F00203039319
:10B17800029B1A0718D5039B43F008030393029B0D
:10B188005B0740F15C81A169022900F09A81E368BC
:10B19800012B03D14EF66022C6F804242046FDF7A1
:10B1A800E3FC2046FDF7D6FC2068029B9F0603D5EA
:10B1B800039B43F020030393039BC6F84034F3E654
:10B1C800D5F84034204623F02E03C5F84034FDF767
:10B1D800C5FC0121206806F00FFC20684FF00053E1
:10B1E8004361DBE6BB68980740F18E80FB6801EBA2
:10B1F800810C23F0020304EBCC0CFB608B009CF861
:10B208005D00012800F0B280052800F0AF80062814
:10B2180000F0A381082800F0A081032800F0DC8159
:10B228009CF85C000246C7F808A02046FDF79AFC87
:10B23800D4F808E0206837E7FB68206843F0020389
:10B24800FB6006F0FFFB4FF400732068BB60D4F886
:10B2580008E029E7BB681B0700F1BB80BB685B05FA
:10B268007FF5E9AEFB68019243F002030091FB60B1
:10B2780006F0E8FB00991020019A01EB8103B86001
:10B28800082004EBC30383F85D004FF48063BB60C0
:10B29800D1E6D7F8089019F0400F40F0B180BB68AC
:10B2A80013F4007340F02F81D7F8089019F0010FBC
:10B2B80040F03F81BB6813F0080340F06881D7F87D
:10B2C800089019F0100F00F0C98001EB810204EB1F
:10B2D800C2029365032382F85D3092F83D303BB992
:10B2E8000BFB014393F83C2012B9012283F83D205F
:10B2F800FB6843F00203FB6006F0A4FB1023206800
:10B30800BB60D4F808E0CFE6BB6813F0800340F0D8
:10B31800E380BA68D20640F1D08001EB810004EBEB
:10B32800C00090F83F20032A00F04B8112F0FD0284
:10B33800E4D123698265002BE0D10BFB0143032292
:10B3480083F85D20FB68206843F00203FB60D3E7C5
:10B35800FA68206842F0020201930091FA6006F050
:10B3680071FB1022DDE90013BA6091E68CF85C00ED
:10B3780058E706F00F0606EB860804EBC808D8F86D
:10B38800441000293FF42FAE284605F5A0653A463B
:10B3980006F014FAD8F8443005EB46123B4411691C
:10B3A800D8F84C20C8F8443073013A44C8F84C2007
:10B3B800BC4A0A405AB1EA5822F0804242F00042A0
:10B3C800EA5098F8503083F0010388F85030256827
:10B3D80009E6FB684FF0050C019243F00203009167
:10B3E800FB6001EB810304EBC30383F85DC010230A
:10B3F800BB600823BB6006F025FBDDE900121AE6F6
:10B4080001EB810204EBC2029365042382F85D30EC
:10B41800012382F83D30FB6843F00203FB6006F02D
:10B4280011FB40232068BB60D4F808E03CE6B36910
:10B43800204623F00053B361FDF78CFB94E62046C9
:10B44800FDF796FBD6F84034206823F02E03C6F8A3
:10B458004034836943F000538361A6E6BB681B064A
:10B4680000F1C880BB685B0500F1D780BB689B070B
:10B478007FF51AAEFB680BFB014023F00203FB606B
:10B4880090F85D30012B00F0E180032B00F0DB80A9
:10B49800042B00F0D880052B00F0FC80062B00F070
:10B4A800E480082B00F0E1800BFB01432046C7F83D
:10B4B80008A093F85C20FDF755FBD4F808E0206855
:10B4C800F2E5029B206803F4C023B3F5802F18BF70
:10B4D800012106F091FA61E6FB6801EB810243F075
:10B4E800020304EBC202FB60936D013393650623EC
:10B4F80082F85D30206806F0A5FA80232068BB60DA
:10B50800D4F808E0D0E5FB6843F00203FB6098E656
:10B5180052F80970019347F00057009142F80970FA
:10B52800624680F85CC02046FDF71CFBDDE900138D
:10B53800AEE5FA6801EB810942F0020204EBC909A1
:10B54800C9F85830FA6006F07DFA0123BB6089F823
:10B558005D30D4F808E02068A6E503EB010C04EBA5
:10B56800CC0CDCF858000130032825D8CCF858005A
:10B5780002200B4404EBC30383F85C0052F8093043
:10B5880023F0804343F0004342F809304AE6082399
:10B598000091BB60FB6843F00203FB6006F052FABF
:10B5A8000099052201EB810104EBC10383F85D20BA
:10B5B800D4F808E0206877E50020CCF8580004208B
:10B5C800D7E7FA680BFB014042F002028365206866
:10B5D800FA6006F037FA91E60BFB0143022083F884
:10B5E8005CA052F8093023F0804343F0004342F84E
:10B5F800093017E6FB68009143F00203FB6006F090
:10B6080021FA009906230BFB014181F85D30802364
:10B618002068BB60D4F808E046E5FB68009143F079
:10B628000203FB6006F00EFA10230099BB604FF48A
:10B6380080630BFB0141BB60082381F85D30D4F8BF
:10B6480008E0206830E580F85CA02DE780F85C30E1
:10B6580090F83F30023B012B3FF626AF90F851306F
:10B6680083F0010380F851301EE70BFB0140836D26
:10B678000133032B11D8836502230BFB014080F8AB
:10B688005C3052F80C3023F0804343F0004342F81A
:10B698000C3009E780F85C3006E700238365042353
:10B6A800EBE700BF0000F81F90F8B832012B0CD070
:10B6B800012310B50446006884F8B83206F022FA6F
:10B6C8000023184684F8B83210BD0220704700BF26
:10B6D800F8B505460E461746701C2C682CD1A36990
:10B6E800990727D4A369DA06F9D5A3699A06FCD580
:10B6F80020231022E261E361A3699F0701D500239B
:10B70800A362A369DE0703D4A36943F00103A3611D
:10B71800636800221B4820210340012063606B6C92
:10B7280085F8402043F004036B6485F8411085F8E0
:10B738004220F8BD0020F8BDA3699B07FAD4A3698D
:10B74800D9061BD4FDF752FBC01BB04201D8002E0E
:10B75800C2D16B6C2021002201200B4385F84020C8
:10B768006B6485F8411085F84220F8BDFDF73EFB73
:10B77800C01B8642EDD3002EEBD02C68A3699B0634
:10B78800F4D5B5E700E800FEF8B505460E461746BD
:10B798002C68A3699B0649D4A369DA0626D5731CCD
:10B7A80038D1A3699E06FCD520231022E261E3610B
:10B7B800A369990701D50023A362A369DA0703D413
:10B7C800A36943F00103A36163680022184820219C
:10B7D8000340012063606B6C85F8402043F004034C
:10B7E8006B6485F8411085F84220F8BDFDF7FEFA34
:10B7F800C01BB04201D8002ECAD16B6C2021002298
:10B8080001200B4385F840206B6485F8411085F8CA
:10B818004220F8BDA3699806C6D4FDF7E7FAC01B15
:10B828008642EAD3002EE8D02C68B8E70020F8BD9D
:10B8380000E800FE00284ED010B590F841300446CC
:10B8480003F0FF02002B41D023682421626884F8AA
:10B858004110196822F07062E06821F001010128A6
:10B8680019601A619A6822F400429A60A26829D085
:10B8780042F4044202289A6002D14FF400625A60EE
:10B8880058684FF0200C1549226901435960D9685E
:10B8980021F40041D960D4E90501024342EA0122BA
:10B8A800D4E90710DA6000220143104619601968CC
:10B8B80041F001011960626484F841C0226384F890
:10B8C800422010BD42F400429A60D9E780F8402037
:10B8D800FAF740FDB8E70120704700BF008000027A
:10B8E8002DE9F047984690F84130089E202B40F00B
:10B8F800878090F840300446012B00F081800123B6
:10B908008946174680F84030FDF770FA054604E08E
:10B91800FDF76CFA401B192875D82368986910F44C
:10B928000040F5D1212267626063C9F3090784F8F2
:10B938004120102284F842206064A4F82A80628D95
:10B9480092B2FF2A6DD8628D494892B2D1B222854F
:10B958005A6802403A4342EA014246491143596053
:10B96800DFF81C814FF0FF0ADFF81891638D2A4633
:10B97800314620469BB2002B30D0FFF7A9FE0028A5
:10B9880073D1606A216810F8012B238D8A62628D59
:10B99800013B6062013A9BB292B223856285628D57
:10B9A80092B2002BE2D1002AE0D0701C43D18B69FF
:10B9B8001A06FCD5638D9BB2FF2B48D94B682A46E3
:10B9C800A4F828A0204603EA08033B4343EA0903F6
:10B9D8004B603146638D9BB2002BCED1FFF7D4FE6E
:10B9E800002842D123682021234DD9615A682A4072
:10B9F8005A6084F8411084F8400084F8420000E05E
:10BA08000220BDE8F087636C2021002201200B434F
:10BA180084F84020636484F8411084F84220BDE82B
:10BA2800F0875A6812490A4014493A431143FF22E1
:10BA38002285596094E78B691B06BBD4FDF7D6F9BC
:10BA4800401B8642DFD3002EDDD02168ADE7638D31
:10BA58009BB2DAB223854B6803EA080343EA024340
:10BA68003B4343F000734B6080E70120BDE8F0875B
:10BA7800009800FC0020008200E800FE0020FF8102
:10BA8800009C00FC0000FF012DE9F0471F4690F8DC
:10BA98004130202B40F08E8004460D46002900F0EE
:10BAA8008380B2FA82F916464FEA5919002A7BD0E8
:10BAB8005FFA83FA90F84030012B7BD0012380F89D
:10BAC8004030FDF793F9212365628046256884F8A4
:10BAD800413084F842A0C4F8449066856B68C4F885
:10BAE800349023F400436B607B1C66D1AE69360743
:10BAF800FCD50823EB61E368022B06D0AE69F60398
:10BB080028D4AE69F603F9D524E0AB691907FCD54A
:10BB18000823EB617B1CF1D0AB69DD031AD4FDF778
:10BB280065F9A0EB0800874253D3002F51D0256850
:10BB3800F0E7424639462046FFF7CAFD00285BD1A8
:10BB4800636A226813F8011B9162658D6362013D87
:10BB5800ADB26585638D9BB2002BEAD1424639466A
:10BB68002046FFF711FE00284DD02268536843F4A1
:10BB780000435360636C042B54D100236364202377
:10BB8800D361781C41D193691904FCD4516800230E
:10BB9800202041F40041516084F84100184684F89F
:10BBA800423084F8403003E04FF4007301206364AE
:10BBB800BDE8F0870220BDE8F087AB69180733D4E9
:10BBC800FDF714F9A0EB0800874202D30FB12568EE
:10BBD8008AE7636C202000212268034384F8401020
:10BBE800636484F84100012084F84210536843F4E8
:10BBF80000435360BDE8F08722680120536843F48E
:10BC080000435360D4E72268B9E793691B04BDD5A4
:10BC1800FDF7ECF8A0EB08008742DAD3002FD8D064
:10BC28002268AEE70120C3E70823EB61E368022B33
:10BC38007FF470AF08E0FDF7D9F8A0EB0800874261
:10BC4800C7D3002FC5D02568AB691A07F3D55FE7BE
:10BC58000268436B9169126803B11847704700BFC7
:10BC680090F84100704700BF90F84120202A23D166
:10BC78005FFA82FC90F840200346012A1CD0026833
:10BC8800242000B583F841004FF0000E106820F022
:10BC980001001060106820F48050106010680143A3
:10BCA80070461160116841F00101116083F841C0CC
:10BCB80083F840E05DF804FB0220704790F84120CB
:10BCC800202A22D1034600B55FFA82FE90F8402070
:10BCD800012A1CD0026824204FF0000C83F8410090
:10BCE800106820F001001060106820F4706040EACD
:10BCF800012160461160116841F00101116083F86B
:10BD080041E083F840C05DF804FB02207047022040
:10BD18005DF804FB2DE9F04F076889B00446384602
:10BD280005F01EFE10B109B0BDE8F08F824620680C
:10BD380005F0C6FD0028F6D0206805F0C1FD10F01A
:10BD4800020F206803D0436903F00203436105F042
:10BD5800B7FD10F4002B206840F0508105F0B0FDCD
:10BD680010F4802F206840F0EB8005F0A9FD002832
:10BD780074DB206805F0A4FD000564D4206805F094
:10BD88009FFD020114D52268536903F000635361D3
:10BD980094F8F433002B40F095810121204684F873
:10BDA800F413536DC3F38303C4F8F83300F024FC91
:10BDB800206805F085FDC3047BD4206805F080FD6C
:10BDC80010F4005F20685DD105F07AFD10F0100FC7
:10BDD800206812D0836923F0100383613D6AC5F39C
:10BDE800434305F00F06022B00F03182062B00F0CA
:10BDF8007F81836943F01003836105F061FD0707C4
:10BE080000F15781206805F05BFDC60200F146810C
:10BE1800206805F055FD850200F13581206805F0A0
:10BE28004FFD400000F12681206805F049FD4107DB
:10BE38007FF579AF23685D686A0700F129825A683F
:10BE48002A435A606FE7D7F80838D90700F11C82EF
:10BE58002068436903F40063436190E7D7F8043826
:10BE680023F00103C7F8043894F8F433012B00F0E9
:10BE780038812046FCF7EAFD2068436903F0004357
:10BE8800436177E705F070FD206805F055FA2568ED
:10BE9800E06001F0E5FC227B0146284605F0B0F998
:10BEA8002046FCF7A9FD2068436903F40053436169
:10BEB8008AE7D7F804381021206807F5006523F0D1
:10BEC80001036B6005F01EFA6068B0B107F51063F6
:10BED8004FF67F3199600AF1010A1A6820338245CA
:10BEE80022F4001243F8202CC3F8E811D3F8E0211B
:10BEF80022F40012C3F8E021ECD1EB6943F00113FE
:10BF0800EB61236B002B40F0E1806A6942F22B035E
:10BF180013436B612B6943F00B032B61D7F800388F
:10BF280004F57172217C23F4FE632068C7F8003899
:10BF380005F036FD2068436903F4805343613DE70B
:10BF480005F0D6FC80462068B8F1000F00F0E580C7
:10BF5800264607F510694FF0000BCDE9037A09E092
:10BF68005FEA58080BF1010B06F11C0609F12009DC
:10BF780000F0D58018F0010FF2D05FFA8BF7394640
:10BF880005F0D2FCC30705461FD50BF00F03039934
:10BF980001229A40D1F8343823EA0203C1F8343830
:10BFA8000123C9F808302369012B03D1D6E91123ED
:10BFB8001344B36439462046FCF710FD2369012B6E
:10BFC80003D1BBF1000F00F0AC81280702D508238C
:10BFD800C9F80830E90602D51023C9F808306A06FE
:10BFE80002D54023C9F80830AB0702D50223C9F8A7
:10BFF80008302D0600F1C6802068B1E705F06AFC1C
:10C0080005462068002D00F0868007F53066A146B9
:10C018004FF0000B049707E06D080BF1010B06F1D8
:10C02800200609F11C097DD0EB07F5D55FFA8BF1E5
:10C03800039105F06BFC10F0010F8046039973D152
:10C0480018F0080F40F0F280206818F0100F01D0A7
:10C058001023B36018F0200F05D02169012900F0E2
:10C068005A812023B36018F4005FD5D04FF40053F1
:10C07800B360D1E72046FCF7F5FC2068436903F07C
:10C0880080434361D1E620465FFA8BF1FCF7E2FC7E
:10C098002068436903F400134361C0E620465FFA51
:10C0A8008BF1FCF7DBFC2068436903F480134361E0
:10C0B800AFE62046FCF79CFC2068436903F00803C0
:10C0C8004361A0E62046FCF7A9FC71E6D5F8843068
:10C0D80043F00B03C5F884306B6C43F00B036B64BF
:10C0E8001CE70021204684F8F41300F085FAC3E623
:10C0F800C6EBC606082204F57171384605F05EFBEA
:10C10800C5F30A1304EB86022068D2F814120B4414
:10C11800C2F814326DE6AB4620E6C34625E6DDE9F3
:10C12800037A22E6049F19E6206801232769B36091
:10C1380000F53063012FD0F840E003EB4B139A6809
:10C1480000F0C580984FBE4540F0BD80170440F10F
:10C15800B6804FF4004218F0080F9A603FF475AFAC
:10C16800026C986890498A4200F0978020460392B2
:10C17800FCF724FC8D4B039A9A4200F29680082320
:10C18800B36061E7D6E91453D4F800A0AB42504637
:10C198003FF6E6AE0AF51062716CCDF81CA002EB12
:10C1A8004B120592EA1A8A4228BF0A4605998969FC
:10C1B800033289B2B1EB920FC0F0A980CDF8189084
:10C1C800C146A046059C1AE0736C3A46B16C5046CD
:10C1D8009D4228BF1D4698F810300093ABB205F079
:10C1E800D7FAB36CA1692B4489B2B364736D2B443D
:10C1F8000335B1EB950F7365C0F08180356D9D42B5
:10C20800A5EB0305E0D84446C846DDF81890D4F8F5
:10C2180000A0079B0122504603F500610BF00F03B5
:10C228009A404B6B23EA02034B6399E62268216923
:10C2380002F53063126C012903EB4B13986891D116
:10C248005A498A4229D82046FCF7B8FB97E747F6AF
:10C25800F0731D423FF4CDADC6EBC606C5F30A1216
:10C26800384604EB86061546D6F8081205F0A6FAF5
:10C27800D6F8083220682B44C6F80832D6F81432AB
:10C288002B44C6F81432B4E52046FCF7C7FBDFE5BB
:10C298002046FCF7EBFB2368D1E5020402D54FF4F6
:10C2A80000429A602046FCF789FB216901297FF446
:10C2B80066AF04F57172206805F072FB5FE79006BF
:10C2C80001D520229A602046FCF77EFBB8E61707C6
:10C2D80032D536498E4504D9120402D54FF40042AE
:10C2E8009A6020460393FCF769FB04F571720121FB
:10C2F800206805F055FB0822039B9A60A0E6444697
:10C30800356DC846DDF81890D4F800A050469D4217
:10C318003FF626AE7DE704F5717205F041FB206813
:10C328009FE6236D002B7FF450AE04F57172012156
:10C33800206805F035FB48E6970608D520229A6064
:10C3480018F0080F3FF481AE026C986878E712F095
:10C35800280FF5D1154FBE4505D9120403D54FF462
:10C3680000429A60ECE71B692046D9F80422C3F31F
:10C378001203D31AC9F81432D9F808321344C9F889
:10C388000832FCF721FBBBF1000F7FF459AED4F85B
:10C398001032002B7FF454AE04F57172012120682D
:10C3A80005F0FEFA4CE600BF0A31544F0A30544FEC
:10C3B80090F8BC23012A0ED0012210B5044600686B
:10C3C80084F8381084F8BC2305F068FA002318466E
:10C3D80084F8BC3310BD0220704700BF10B501F0CF
:10C3E8000F0E0906044627D44FF01C0C0CFB0E0C4C
:10C3F8000CF5FE71CEEBCE0C00EB8C0C00208CF80B
:10C40800FD018A604A7881F800E0CB700AB1A1F892
:10C4180006E0022B01D100230B7194F8BC33012BE9
:10C4280018D00123206884F8BC3304F097FF002358
:10C43800184684F8BC3310BD1C204FF0010C00FBDB
:10C448000E4000F13C01CEEBCE0004EB800080F8FA
:10C458003DC0D6E7022010BD10B501F00F041C2125
:10C46800C4EBC40C01FB040100EB8C0C01F5FE715C
:10C47800CCF810320023CCF808228CF8FC41CCF818
:10C4880014328CF8FD3103690068012B08BFCCF821
:10C498000C22DAB21CB905F0C1F8002010BD04F076
:10C4A800A5FF002010BD00BF10B501F00F041C212E
:10C4B800C4EBC40C01FB040100EB8C0C3C31CCF840
:10C4C80050300023CCF84820CCF8543001238CF8A5
:10C4D8003C408CF83D3003690068012B08BFCCF85C
:10C4E8004C20DAB21CB905F099F8002010BD04F010
:10C4F8007DFF002010BD00BF38B5436801F00F056F
:10C508009D4234D80B0604461DD41C22C1EBC1033E
:10C5180002FB010100EB8303002201F5FE7183F8A1
:10C52800FD2101230D708B7094F8BC239A421CD016
:10C53800206884F8BC3305F051F9D5B100231846BA
:10C5480084F8BC3338BD1C21C5EBC503012201FBAF
:10C55800050100EB83033C3183F83D2001230D7076
:10C568008B7094F8BC239A42E2D1022038BD012096
:10C5780038BD04F57172217C206805F011FADDE7F9
:10C58800426838B501F00F03934232D811F0800F9A
:10C5980004464FF01C01C3EBC30219D101FB034150
:10C5A800002004EB8202002501F5FE7182F8FD01EE
:10C5B8000B708D7094F8BC33012B18D001232068C0
:10C5C80084F8BC3305F03EF9284684F8BC5338BDDE
:10C5D80001FB0341012004EB820200253C3182F873
:10C5E8003D000B708D7094F8BC33012BE6D102200E
:10C5F80038BD012038BD00BF704700BF38B5114BAA
:10C60800DA68520704D4DB6803F00703834214D1C5
:10C618000C4CE36823F007031843E060FCF7E6FBE3
:10C62800054605E0FCF7E2FB401BB0F57A7F06D82B
:10C6380063689B04F6D5002038BD012038BD03206F
:10C6480038BD00BF00480258024AD36843F08073DF
:10C65800D36070470048025870B44D6A15B1B2F102
:10C66800406F3AD18B691BB30C6A002C4CD08E6892
:10C678000068C661CE69002E69D02B43134323435B
:10C68800CC6A334323430C6B23434C6B23430C6921
:10C698002343CC6823430C6823434C69B2F1406FB1
:10C6A80043EA8443436165D04B6870BC836170473B
:10C6B8000B6ABBB100682B438C68CE69C461002E3D
:10C6C8006BD01343CC6A334323430C6B23434C6B2B
:10C6D80023430C692343CC68DEE78B6A0468013B7B
:10C6E8002361BFE7CB69002B66D1002D42D0CB6A0E
:10C6F8000C6B2B43006813434A6923434C6B234359
:10C7080043EA8243436135E0CC6945EA030C002CD7
:10C7180032D003684CEA0200B2F1406F40EA0400EC
:10C72800CC6A40EA04000C6B40EA04004C6B40EA17
:10C738000400CC6840EA04000C6840EA04004C6934
:10C7480040EA8440586115D04A689A6112E045EA87
:10C75800030C0D694CEA0203CA6A23431343D1E967
:10C768000C4223430C6813434A692B43234343EA8F
:10C778008243436170BC7047CC6A4CEA020300688C
:10C788002343D1E90C4223430C6813434A692343EA
:10C7980043EA824370BC43617047CC6A1343234326
:10C7A800D1E90C4223431343D1E90442234343EA2A
:10C7B800824370BC436170472B43CD6A0C6B1343B3
:10C7C80000682B4323434C6B84E700BF70B50446D5
:10C7D800FCF70CFB002C54D094F84030012B52D0BD
:10C7E8000123064684F8403094F8413003F0FF02F4
:10C7F800002B34D0A56C2268A1681368013923F492
:10C80800706343EA0123136001E06B1C31D1936824
:10C8180013F02003F9D1E069E16815680143206A43
:10C828000143606841EA00611C482840014360698F
:10C838001160A16955680143206941EA004118481F
:10C8480028400125014318465160116829431160A9
:10C85800636484F84150002384F8403070BD20465A
:10C8680084F84020FAF7CCF941F288331D46A364D6
:10C87800C1E7FCF7BBFA801BA84206D82DB1226895
:10C88800C5E7012070BD022070BD0423012084F893
:10C898004130636C03436364DDE700BF2FFFFF0093
:10C8A800FEF8E0FFC8B110B590F840300446012BFF
:10C8B80011D00268012380F84030136823F0010387
:10C8C8001360FAF72BFA00236364184684F84130A2
:10C8D80084F8403010BD022010BD0120704700BF11
:10C8E8002DE9F04104460E461546FCF77FFA94F808
:10C8F8004030012B3AD0012384F8403094F841307D
:10C90800012BDFB206D002270023384684F84030D6
:10C91800BDE8F081002380466364022384F8413037
:10C92800681C23680ED19A6812F02002FBD13146A8
:10C938002046FFF791FE736AE3B10123002784F8CC
:10C948004130E1E79A6812F020021ED0FCF74EFA57
:10C95800A0EB0800854201D3002DE1D1042384F81F
:10C968004130636C43F001036364CDE70227384626
:10C97800BDE8F081226893689B07FCD5022101235A
:10C988000027D16084F84130BEE731462046FFF7E2
:10C9980063FE736A43B1D0E7FCF728FAA0EB0800FE
:10C9A8008542DBD3002DD9D0226893689907F3D547
:10C9B800E4E700BF2DE9F843044689461546FCF72D
:10C9C80015FA94F840302768012B67D0012384F8C2
:10C9D800403094F84130012B5FFA83F807D04FF0CC
:10C9E80002080023404684F84030BDE8F88300235D
:10C9F8006364B9F1000F56D01223064684F841301B
:10CA08003B690133E3623B69C4F824900133A362B4
:10CA18007B6923F040637B61E36A002B31D06A1C99
:10CA2800394611D18B685B07FCD5636A1B7887F898
:10CA38002030E26A636A013A0133E262E26A6362C1
:10CA4800F2B16A1C2168EDD08B685807EDD4FCF769
:10CA5800CDF9801B854201D3002DF2D1042384F83F
:10CA68004130636C43F00103636413E0BB689B07C8
:10CA78000CD4FCF7BBF9801B8542EFD3002DEDD019
:10CA88002768691CF2D1BB689A07FCD502234FF0CE
:10CA98000008FB60012384F84130A2E74FF0020848
:10CAA8004046BDE8F883636C43F00803636498E785
:10CAB8002DE9F843044615468946FCF797F9276897
:10CAC800BA6994F84030012B6CD0012384F84030C7
:10CAD80094F84130012B5FFA83F807D04FF0020831
:10CAE8000023404684F84030BDE8F883002363649F
:10CAF800B9F1000F5BD02223064684F841303B6928
:10CB08000133A3633B69C4F83090013363637B69E5
:10CB180023F0406343F080637B61BA61A36B002B11
:10CB280033D0681C394612D18B6813F0060FFBD03E
:10CB380097F82020236B1A70A26B236B013A0133FC
:10CB4800A263A26B2363FAB1681C2168ECD08B68DE
:10CB580013F0060FECD1FCF749F9801B854201D38D
:10CB6800002DF1D1042384F84130636C43F00103B4
:10CB7800636413E0BB689B070CD4FCF737F9801B90
:10CB88008542EFD3002DEDD02768691CF2D1BB6830
:10CB98009A07FCD502234FF00008FB60012384F8B4
:10CBA80041309DE74FF002084046BDE8F883636CCA
:10CBB80043F00803636493E72DE9F84F04461F46E2
:10CBC80089469046FCF712F994F84030012B52D070
:10CBD800012384F8403094F84130012B5FFA83FB3D
:10CBE80007D04FF0020B0023584684F84030BDE8C8
:10CBF800F88F002382466364422384F841307A1C0C
:10CC080026682CD1B568AB06FCD4D8F80030494664
:10CC18002046B362D8F804307362D8F80830F3625B
:10CC28003268D8F8103022F440021343D8F80C20A8
:10CC380043F480033360C9F828204FF00062FFF7FF
:10CC48000BFD781C22681BD193681907FCD50821B5
:10CC580001234FF0000BD16084F84130C3E7B3687B
:10CC68009D06D2D5FCF7C2F8A0EB0A00874212D382
:10CC7800002FC4D10FE04FF0020B5846BDE8F88FE3
:10CC880093681B07E3D4FCF7B1F8A0EB0A008742CE
:10CC980001D3002FD5D1042384F84130636C43F0CD
:10CCA800010363649FE700BF2DE9F04704460F4680
:10CCB8001646FCF79BF894F84030012B45D0012329
:10CCC80084F8403094F84130012B5FFA83F907D09B
:10CCD8004FF002090023484684F84030BDE8F08749
:10CCE80000238046D4F848A06364822384F8413046
:10CCF800BAF1FF3F256814D1AB689A06FCD42B68BB
:10CD0800726823F00803082A43EA02032B6021D043
:10CD18004FF04062394620464FF00009FFF79CFC6F
:10CD2800D8E7AB689B06EAD5FCF760F8A0EB0800EB
:10CD3800824502D3BAF1000FDAD1042384F84130D6
:10CD4800636C43F001036364C4E74FF0020948468B
:10CD5800BDE8F087326810232A63EB602B6843F440
:10CD680080132B60D4E700BF704700BF08B5006C84
:10CD780000238363C36290F84130082B0BD103680A
:10CD88000222DA601A6842F400321A601A6842F025
:10CD980002021A6008BD012380F84130FFF7E4FF62
:10CDA80008BD00BF704700BF704700BF704700BF95
:10CDB800704700BF704700BF704700BF704700BF93
:10CDC80038B5036804469A68196855070ED54803AC
:10CDD8000CD594F84120122A75D094F84120222AC3
:10CDE80000F0A1802046FFF7E5FF38BD950726D55E
:10CDF800880324D50222DA601A6822F4E0221A6035
:10CE080094F84120122A7AD094F84120222A00F07E
:10CE1800A98094F84120022A00F0D08094F841209B
:10CE2800082AE2D15A690121204622F040625A615B
:10CE380084F84110636C3BBBFFF7B4FF38BD15079E
:10CE480025D4D50735D5C80333D50125DD601A6843
:10CE580022F470221A60626C42F0020262641A685C
:10CE6800520779D51A68E06B22F004021A60574B12
:10CE7800836506F0C7FC0028B7D0636C204643F0F2
:10CE88000403636484F84150FFF76EFF38BD08035C
:10CE9800D7D50822DA601A68520206D51A68012125
:10CEA80022F410221A6084F841102046FFF784FF0C
:10CEB80038BDD00699D5CA0297D510222046DA6027
:10CEC800FFF77CFF38BD9A6850078BD518460EE0EF
:10CED800626A127883F82020E16A20680139626A60
:10CEE800E1620132816862624D077FF57BAFE26AD9
:10CEF800002AEDD1036823F48023036072E71A68DF
:10CF0800510709D51A68E16B22F0040209681A6012
:10CF1800CB6823F00103CB600123204684F841301D
:10CF2800FFF746FF38BD9A6852077FF55BAF184692
:10CF38000EE093F82010226B1170A16B2068013964
:10CF4800226BA16301328168226349077FF54AAFEA
:10CF5800A26B002AEDD1CDE7204684F84150FFF7B7
:10CF680003FF38BD1A6852071DD49A6812F47C5F13
:10CF78000FD111E093F82010226B1170A16B20687B
:10CF88000139226BA16301328168226311F47C5F4D
:10CF980002D0A26B002AEDD10123204684F841304B
:10CFA800FFF704FF38BD1A68E16B22F00402096834
:10CFB8001A60CB6823F00103CB60EDE7012320461C
:10CFC80084F84130FFF7F0FE38BD00BF75CD00088A
:10CFD800002800F0DE81F8B503680446D80730D58C
:10CFE8009F490A69896A02F03802102A00F0008114
:10CFF800182A00F0F8806368B3F5803F00F02081BC
:10D00800002B00F05E81B3F5A02F954B1A6800F055
:10D018002F8222F480321A601A6822F480221A6061
:10D02800FBF7E4FE8E4E41F28837054605E0FBF734
:10D03800DDFE401BB84200F2428133689A03F6D500
:10D0480023689D0700F18580D9062FD5844A136986
:10D05800926A03F03803082B00F0DA80182B00F0EE
:10D06800D280E3697E4D002B00F065812B6843F088
:10D0780080032B60FBF7BAFE064605E0FBF7B6FE19
:10D08800801B022800F21B812B68DB05F6D5FBF715
:10D09800C5FE41F20303984200F20B826B68226AD4
:10D0A80023F0F84343EA82636B6023681D0716D5B3
:10D0B80063696B4D002B00F01C816B6F43F001031B
:10D0C8006B67FBF793FE064605E0FBF78FFE801BB8
:10D0D800022800F2F4806B6F9807F6D523689A0649
:10D0E80016D5A3695E4D002B00F014812B6843F41C
:10D0F80080532B60FBF77AFE064605E0FBF776FEC9
:10D10800801B022800F2DB802B689F04F6D5236879
:10D11800590700F19B80636ACBB1514D2A6902F02F
:10D128003802182A6DD0022B2B6823F080732B60ED
:10D1380000F03981FBF75AFE044605E0FBF756FE7E
:10D14800001B022800F2BB802B689B01F6D400204C
:10D15800F8BD434A1369926A13F0380329D1404B4A
:10D16800E2681B68590701D5002A4AD03C4D2B6854
:10D1780023F0190313432B60FBF738FE064605E03E
:10D18800FBF734FE801B022800F299802B685B07AE
:10D19800F6D5FBF743FE41F20303226998426B6818
:10D1A80000F2F08023F47C3343EA02336B60236897
:10D1B8004AE7182B00F0E280294DE2682B68002A24
:10D1C80000F0CB8023F0190313432B60FBF70EFE0E
:10D1D800064604E0FBF70AFE801B02286FD82B687E
:10D1E8005F07F7D5D5E701F0030102297FF403AF04
:10D1F8001B4A126891037FF524AF6268002A7FF406
:10D2080020AF0120F8BD02F00302012A7FF429AF04
:10D21800134B1B68DA0502D5E369802BF1D1FBF7C4
:10D22800FDFD41F203030E4A9842216A00F2B380E1
:10D23800536823F0F84343EA81635360236835E772
:10D24800074A136843F480331360E9E6054D2B68F9
:10D2580043F480732B60FBF7C9FD064609E000BF65
:10D268000044025800480258FBF7C0FD801B6428A0
:10D2780025D82B68DA05F7D5A368012B00F02281A1
:10D28800002B00F0FD80052B954B1A6F00F02081D4
:10D2980022F001021A671A6F22F004021A67FBF7DC
:10D2A800A5FD8F4E41F28837054604E0FBF79EFD49
:10D2B800401BB84203D8336F9B07F7D52BE70320F1
:10D2C800F8BD874D41F288372B6823F480332B60F3
:10D2D8002B6823F480232B60FBF788FD064604E0C7
:10D2E800FBF784FD801BB842E9D82B689B03F7D471
:10D2F800A6E66B6F23F001036B67FBF777FD064625
:10D3080004E0FBF773FD801B0228D8D86B6F9907E0
:10D31800F7D4E3E62B6823F480532B60FBF766FD14
:10D32800064604E0FBF762FD801B0228C7D82B687D
:10D338009804F7D4EBE62B6823F080032B60FBF707
:10D3480055FD064604E0FBF751FD801B0228B6D8C0
:10D358002B68DF05F7D42368A8E623F001032B60C8
:10D36800FBF744FD064604E0FBF740FD801B02285E
:10D37800A5D82B685807F7D4236865E690077FF48B
:10D388001BAFECE623F0FE4343EA02636B602368BD
:10D398005AE601207047D36823F07C5343EA0163BF
:10D3A800D360236882E6FBF721FD064604E0FBF71D
:10D3B8001DFD801B022882D82B689901F7D4A96A21
:10D3C800484BA26A0B404849454E1343E26A43EA78
:10D3D8000213AB62D4E90D32013B013A5B0212043D
:10D3E8009BB202F4FE021343226B013AC2F3080215
:10D3F8001343E26B013A120602F0FE4213432B6319
:10D40800EB6A23F00103EB626A6BA36C114041EAFB
:10D41800C3016963EB6A226C23F00C031343EB62CC
:10D42800EB6A626C23F002031343EB62EB6A43F48A
:10D438008033EB62EB6A43F40033EB62EB6A43F44C
:10D448008023EB62EB6A43F00103EB622B6843F045
:10D4580080732B60FBF7CAFC044605E0FBF7C6FCAB
:10D46800001B02283FF62BAF33689A01F6D56EE60B
:10D4780042F480221A601A6842F480321A60CFE5BA
:10D48800174D41F288372B6F23F001032B672B6F61
:10D4980023F004032B67FBF7A9FC064605E0FBF71E
:10D4A800A5FC801BB8423FF60AAF2B6F9807F6D44D
:10D4B80031E6EB68226A23F07C5343EA0263EB60AF
:10D4C8002368F3E5064A136F43F001031367E6E6A2
:10D4D80042F004021A671A6F42F001021A67DEE688
:10D4E800004402580CFCFFFF0700FFFF474A13697E
:10D4F80003F03803102B04D0182B0DD01BB144486F
:10D50800704744487047136899064AD513684248DB
:10D51800C3F3C103D8407047936A30B4946AD56A9C
:10D5280014F47C7F516BC4F3051038D0C1F3CC01DF
:10D5380005F0010503F0030305FB01F1012B07EEDC
:10D54800901AB8EEE77A02D0022B2CD093B307EEEC
:10D55800900A9FED325AF8EEE77A136BC5EE276A08
:10D56800DFED2F5AC3F3080307EE903AB7EE006ACF
:10D57800F8EEE77AE7EE257A77EE867A66EEA76A1E
:10D58800224B1B6BC3F34623013307EE903AB8EEE8
:10D59800E77AC6EE877AFCEEE77A17EE900A30BC97
:10D5A80070471D48704707EE900A9FED1E5AF8EE27
:10D5B800E77AD2E713689B0620D5146807EE900A2D
:10D5C8001549F7EE005A136BC4F3C104F8EEE77A75
:10D5D8009FED135AC3F30803E14006EE903A06EEB6
:10D5E800101AF8EEE66AB8EEC66AE7EE056A86EE45
:10D5F800277A76EEA56A66EE876AC1E707EE900A93
:10D608009FED095AF8EEE77AA7E700BF00440258F1
:10D6180000093D000024F4000090D0030024744A5F
:10D62800000000390024744B0024744C002800F0DA
:10D638000281874A136803F00F038B422DE9F041FA
:10D6480004460D460CD2136823F00F030B431360F6
:10D65800136803F00F038B4202D00120BDE8F0816C
:10D6680023685F070BD57B4920698A6902F070023D
:10D67800904204D98A6922F0700202438A611E0727
:10D688000BD574496069CA6902F07002904204D9E6
:10D69800CA6922F070020243CA61D8060BD56D49E7
:10D6A800A069CA6902F4E062904204D9CA6922F406
:10D6B800E0620243CA6199060BD56649E0690A6AC5
:10D6C80002F07002904204D90A6A22F07002024302
:10D6D8000A629A0740F1A1805E48E168826902F017
:10D6E8000F02914204D9826922F00F020A43826133
:10D6F800D80730D5574AA168936923F470630B4360
:10D70800936161681368022900F09780032900F08B
:10D718008E80012900F0978058079ED54D4E41F222
:10D728008838336923F007030B433361FBF75EFB4B
:10D73800074605E0FBF75AFBC01B404500F2818015
:10D748003369626803F03803B3EBC20FF2D1236880
:10D75800990706D5E1683F48826902F00F028A42BC
:10D768005FD83B490A6802F00F02AA420AD90A6840
:10D7780022F00F022A430A600A6802F00F02AA4246
:10D788007FF46BAF5A070BD5324920698A6902F0DA
:10D798007002904204D28A6922F0700202438A61C0
:10D7A8001F070BD52B496069CA6902F070029042C5
:10D7B80004D2CA6922F070020243CA61DE060BD5A0
:10D7C8002449A069CA6902F4E062904204D2CA6995
:10D7D80022F4E0620243CA619D060BD51D4AE16945
:10D7E800136A03F07003994204D2136A23F070039A
:10D7F8000B431362FFF77AFE164A034616489269EE
:10D808001649C2F30322825C0E2002F01F02D340A5
:10D81800BDE8F0410B60FBF787BADA073FF56AAF5E
:10D828009FE7826922F00F021143816199E79F0106
:10D838003FF574AF11E7012070479B033FF56EAFCA
:10D848000BE703200AE7DE053FF568AF05E700BFF1
:10D8580000200052004402585C4C01083C0200249D
:10D8680008B501F095F9064B06499B69064A03F08D
:10D878000F03CB5C03F01F03D840106008BD00BF46
:10D88800004402585C4C01084002002410B501F025
:10D898007FF90949094A8B69094C03F00F03D35CE6
:10D8A80003F01F03D8402060CB69C3F30213D35C95
:10D8B80003F01F03D84010BD004402585C4C010817
:10D8C8004002002410B501F063F90949094A8B693F
:10D8D800094C03F00F03D35C03F01F03D84020600A
:10D8E800CB69C3F30223D35C03F01F03D84010BDF8
:10D8F800004402585C4C010840020024F8B53A4C38
:10D90800A36A03F00303032B67D0236806460F4678
:10D9180023F080632360FBF769FA054604E0FBF710
:10D9280065FA431B022B56D823681A01F7D4A36A59
:10D93800326823F47C3343EA0233A362D6E9023225
:10D94800013B013A5B0212049BB202F4FE0213434C
:10D958007268013AC2F3080213433269013A1206A7
:10D9680002F0FE421343A363E36A726923F0C00323
:10D978001343E362E26AB36922F020021A431B4BA5
:10D98800E262E26A22F01002E262E16BF2690B40A5
:10D9980043EAC203E363E36A43F01003E362E36A22
:10D9A800EFB1012F0CBF43F4801343F40013E3627B
:10D9B8000D4C236843F080632360FBF717FA054694
:10D9C80004E0FBF713FA401B022804D823681B0164
:10D9D800F7D50020F8BD0320F8BD0120F8BD43F4B9
:10D9E8000023E362E4E700BF004402580700FFFF9A
:10D9F800F8B53A4CA36A03F00303032B67D02368F6
:10DA080006460F4623F080532360FBF7EFF90546DF
:10DA180004E0FBF7EBF9431B022B56D823689A0066
:10DA2800F7D4A36A326823F07C7343EA0253A362F3
:10DA3800D6E90232013B013A5B0212049BB202F4BE
:10DA4800FE0213437268013AC2F3080213433269B3
:10DA5800013A120602F0FE4213432364E36A726934
:10DA680023F440631343E362E26AB36922F4007269
:10DA78001A431B4BE262E26A22F48072E262616C32
:10DA8800F2690B4043EAC2036364E36A43F48073B8
:10DA9800E362E36AEFB1012F0CBF43F4000343F0E4
:10DAA8008073E3620D4C236843F080532360FBF7D7
:10DAB8009DF9054604E0FBF799F9401B022804D8B4
:10DAC80023689B00F7D50020F8BD0320F8BD01208E
:10DAD800F8BD43F48003E362E4E700BF0044025862
:10DAE8000700FFFF2DE9F8430368044613F00066BA
:10DAF80022D0426EB2F5001F00F0CE8411D8002A61
:10DB080000F0F884B2F5801F40F0F184022104305F
:10DB1800FFF7F4FE0646002E40F08684626E236806
:10DB280003E0B2F5401F40F0E284A8480026016DEA
:10DB380021F440110A430265DD050AD5626D042A05
:10DB480006D8DFE812F0A20493049A04DF02DF0289
:10DB58000126354698051BD5A26D802A00F05B8406
:10DB680000F2EC80002A00F08B83402A40F0ED8020
:10DB78000021201DFFF7C2FE23680546002D40F056
:10DB880067839249A06D0A6D22F4E07202430A6528
:10DB980059051FD5D4F8A420B2F5800F00F04784AA
:10DBA80000F2D680002A00F07183B2F5001F40F021
:10DBB800D7800021201DFFF7A1FE23680546002D10
:10DBC80040F044838149D4F8A4008A6D22F46002AD
:10DBD80002438A651A051FD5D4F8A820B2F1007F40
:10DBE80000F02E8400F2BF80002A00F05583B2F1C5
:10DBF800807F40F0C0800021201DFFF77FFE236852
:10DC08000546002D40F02A837049D4F8A8008A6D93
:10DC180022F0E06202438A659F0118D5A26C202A8F
:10DC280000F0DA8300F2AA803AB1102A40F0A98005
:10DC38006649CA6A42F40032CA62002D40F059832C
:10DC48006249A06CCA6C22F030020243CA64D8044C
:10DC58001DD5E26DB2F5005F00F0FB8300F2948001
:10DC6800002A00F01F83B2F5805F40F09580002104
:10DC7800201DFFF743FE23680546002D40F0EC8287
:10DC88005249E06D0A6D22F4E04202430A659904A4
:10DC98001AD5226EB2F5003F00F074837FD84AB1DE
:10DCA800B2F5803F40F083800121201DFFF726FE5A
:10DCB80023680546002D40F01E834449206E0A6DF6
:10DCC80022F4E02202430A655A041BD5D4F8AC209A
:10DCD800B2F1005F00F060836CD842B1B2F1805FAE
:10DCE80070D10121201DFFF709FE23680546002D8C
:10DCF80040F003833549D4F8AC008A6D22F0E04245
:10DD080002438A651F040DD5E26EB2F1805F00F010
:10DD18003183B2F1005F00F00182002A00F0048232
:10DD280001263546D8015DD5626C032A00F20A84C3
:10DD3800DFE812F0540017034E005400C02A3FF4E5
:10DD48001DAFB2F5807F3FF419AF012635461FE7B6
:10DD5800B2F5C00F3FF433AFB2F5000F3FF42FAF69
:10DD68000126354636E7B2F1407F3FF44AAFB2F1BB
:10DD7800806F3FF446AF012635464DE7302A3FF421
:10DD88005CAF0126354662E7B2F5405F3FF475AFF8
:10DD9800B2F5804F3FF471AF0126354677E722F49C
:10DDA8008031B1F5802F85D0B2F5403F82D0012671
:10DDB800354689E722F08051B1F1804F97D0B2F112
:10DDC800405F94D0012635469CE700BF00440258C6
:10DDD8000221201DFFF792FD23680546002D00F063
:10DDE8006B822E46590200F1F081DF072FD5A26F12
:10DDF800282A2AD8DFE812F0D301290029002900AF
:10DE080029002900290029006D032900290029007B
:10DE18002900290029002900CC012900290029000E
:10DE28002900290029002900D301290029002900F7
:10DE38002900290029002900D301290029002900E7
:10DE48002900290029002900D30101263546980711
:10DE580016D5626F052A00F27883DFE812F00D000C
:10DE6800300306000D000D000D00012104F124000F
:10DE7800FFF7BEFD23680546002D00F025822E46DB
:10DE8800590717D5D4F89020052A00F26183DFE8F6
:10DE980012F00D000C0306000D000D000D0001210D
:10DEA80004F12400FFF7A4FD23680546002D00F0C7
:10DEB80013822E469A061DD5D4F88C20B2F1005F45
:10DEC80000F0458200F2DC804AB1B2F1805F40F098
:10DED800E1800021201DFFF711FD23680546002D74
:10DEE80040F00582A949D4F88C004A6D22F0E0423E
:10DEF80002434A655F061DD5D4F89820B2F5006F35
:10DF080000F0548200F2C9804AB1B2F5806F40F047
:10DF1800CE800021201DFFF7F1FC23680546002D67
:10DF280040F0C8819949D4F898008A6D22F4E052EB
:10DF380002438A6518061DD5D4F89C20B2F5804F97
:10DF480000F03F8200F2B6804AB1B2F5005F40F0BF
:10DF5800BB800021201DFFF7D1FC23680546002D5A
:10DF680040F0A6818949D4F89C008A6D22F4604269
:10DF780002438A6519070BD5D4F88010B1F5805F84
:10DF880000F03E828148426D22F440520A434265C5
:10DF9800DA060BD5D4F89410B1F5807F00F025820D
:10DFA8007A48826D22F440720A4382651F030ED5B7
:10DFB800D4F8A010B1F5803F00F0D480B1F5003F4F
:10DFC80000F0D780002900F0BA81012635465803B1
:10DFD8000FD5D4F88420B2F5001F00F0B080B2F558
:10DFE800401F00F0B380B2F5801F00F0A081012629
:10DFF8003546D90309D5E26C002A00F08681B2F5CE
:10E00800803F00F02D81012635469A0000F1D2802C
:10E018009F035CD4301E18BF0120DE0206D55B4981
:10E02800256F0A6D22F000422A430A65DD0007D5F4
:10E038005649D4F8B4500A6922F480422A430A6146
:10E04800990206D55149A56E0A6D22F080722A43BD
:10E058000A655A0009D54D4A116921F40041116138
:10E068001169D4F8B85029431161002B06DA474AE0
:10E07800216DD36C23F040530B43D364BDE8F88380
:10E0880022F08051B1F1804F3FF429AFB2F1405FE7
:10E098003FF425AF012635462CE722F48061B1F51F
:10E0A800805F3FF43CAFB2F5406F3FF438AF0126D4
:10E0B80035463FE722F40051B1F5004F3FF44FAF2A
:10E0C800B2F5C04F3FF44BAF0126354652E7E26F39
:10E0D800B2F5807F00F0228106D922F48071B1F573
:10E0E800007F03D0012098E7002AFBD1002DF9D149
:10E0F800264D301E696D18BF012021F440710A4376
:10E108006A658AE73546002D40F0A4801F49606D96
:10E118000A6D22F0070202430A651BE50121201D52
:10E12800FFF7ECFB23680546002D40F0DE80174919
:10E13800E06E0A6D22F0405202430A65F2E50121C1
:10E1480004F12400FFF754FC23680546002D40F035
:10E15800DA800E49D4F884004A6D22F44012024352
:10E168004A6546E7022104F12400FFF741FC2368D1
:10E178000546002D40F0C5800449D4F8A0008A6DFA
:10E1880022F4403202438A6521E700BF0044025866
:10E19800012104F12400FFF72BFC23680546002D1C
:10E1A80040F0AD80AF49A06F4A6D22F038020243BB
:10E1B8004A654CE6022104F12400FFF719FC2368A4
:10E1C80000283FF425AF012622E7A74F3B6843F418
:10E1D80080733B60FAF70AFE804606E0FAF706FE0F
:10E1E800A0EB0800642800F27E813B68DA05F5D5CB
:10E1F800002D40F0A4819B4AD4F8B030116F5940EB
:10E2080011F4407F0BD0116F106F21F4407140F46E
:10E2180080301067106F20F4803010671167B3F5F5
:10E22800807F00F06E8103F44072B2F5407F00F009
:10E238007C818C490A6922F47C520A61894AC3F3B9
:10E248000B03116F0B4313672368CEE52E46C1E419
:10E258002E469DE42E467DE42E4618E52E46DBE448
:10E268000221201DFFF74AFB05462368002D53D1E4
:10E278007C49E06CCA6C22F480320243CA64C4E66A
:10E288007849CA6A42F40032CA6277E47549CA6AB0
:10E2980042F40032CA6292E47249CA6A42F4003215
:10E2A800CA62AEE46F49CA6A42F40032CA62E4E460
:10E2B8002E465FE62E463DE66A49606CCA6C22F03F
:10E2C80003020243CA648DE56649606F4A6D22F015
:10E2D800070202434A65D3E56249D4F890008A6D83
:10E2E80022F0070202438A65E4E52E461AE52E4627
:10E2F80000E62E46ABE42E46E6E42E4602E52E4620
:10E30800A5E52E4663E62E4673E65649CA6A42F4E8
:10E318000032CA62002DABD02E4676E65148C16A5B
:10E3280041F40031C162002D7FF4DCAEE0E64D49D6
:10E33800CA6A42F40032CA62002DE4D109E7201DFE
:10E34800FFF7DCFA05462368002DDAD114E702212D
:10E3580004F12400FFF74CFB05462368002DC6D1C5
:10E36800C0E54049CA6A42F40032CA62002D7FF40F
:10E3780038ADA1E73B49CA6A42F40032CA62002DAF
:10E38800B3D1D4E6012104F12400FFF731FB05469F
:10E398002368002DAFD190E4012104F12400FFF798
:10E3A80027FB05462368002DA7D1A3E4022104F129
:10E3B8002400FFF71DFB05462368002D7FF47AAF84
:10E3C800B0E5022104F12400FFF712FB054623689B
:10E3D800002D7FF46DAFC5E50221201DFFF78EFAF1
:10E3E80005462368002D84D12AE4022104F1240083
:10E3F800FFF7FEFA236800283FF4D8AD0126D5E5DB
:10E40800022104F12400FFF7F3FA236800283FF4FF
:10E41800BFAD0126BCE5002104F12400FFF7E8FAAE
:10E4280023680546FFF7AABB2368FFF785BB0021D1
:10E4380004F12400FFF7DCFA23680546FFF7BFBBA9
:10E44800002104F12400FFF7D3FA23680546FFF7FB
:10E45800D8BB002104F12400FFF7CAFA2368054657
:10E468000BE400BF00440258004802580021201D58
:10E47800FFF744FA2368054645E6002104F1240025
:10E48800FFF7B6FA236805463DE633493546CA6ABA
:10E4980042F40032CA6236E602212430FFF7A8FAB5
:10E4A8000646002E3FF43AABBEE70121201DFFF7D8
:10E4B80025FA05462368002D7FF4FBAC0CE7012103
:10E4C800201DFFF71BFA05462368002D7FF4D7AC03
:10E4D800FAE60121201DFFF711FA05462368002DF1
:10E4E8007FF40DAF5EE60326236835467DE40126FA
:10E4F800FFF722BB1848C16A41F40031C162FFF737
:10E5080014BBFAF773FCDFF85080074641F28839EC
:10E5180004E0FAF76BFCC01B4845E4D8D8F8703023
:10E528009B07F6D5D4F8B0307DE60B480B4A016955
:10E5380002EA131221F47C510A4302617EE6236841
:10E548002E4652E4012635464CE40126354697E42A
:10E5580001263546AEE400BF00440258CFFFFF0055
:10E5680008B5FFF77DF9054B054A1B6AC3F302138B
:10E57800D35C03F01F03D84008BD00BF0044025815
:10E588005C4C0108584B70B4996A9D6ADE6A15F4B0
:10E598007C3FC5F30532DC6B5CD0C4F3CC0406F0D9
:10E5A800100601F0030106FB04F4012907EE904A66
:10E5B800B8EEE77A03D0022975D000294FD007EECC
:10E5C800902ADFED4A6AF8EEE77A9B6B86EEA76A37
:10E5D8009FED475AC3F3080306EE903AF7EE005A48
:10E5E800F8EEE66AE7EE056A76EEA56A66EE266A52
:10E5F8003D4AB7EE006A936BC3F3462307EE103A21
:10E60800B8EEC77A70BC37EE067AC6EE877AFCEEAB
:10E61800E77AC0ED007A936BC3F3064307EE103A2E
:10E62800B8EEC77A37EE067AC6EE877AFCEEE77A56
:10E63800C0ED017A936BC3F3066307EE903AF8EEE8
:10E64800E77A77EE867A86EEA77ABCEEC77A80ED0F
:10E65800027A704770BCC0E900228260704719686E
:10E66800890627D51C6807EE902A2249F7EE005A3A
:10E678009B6BC4F3C102F8EEE77A9FED1D5AC3F312
:10E688000803D14006EE903A06EE101AF8EEE66A54
:10E69800B8EEC66AE7EE056A86EE277A76EEA56AD0
:10E6A80066EE876AA4E707EE902ADFED136AF8EEB4
:10E6B800E77A8AE707EE902A9FED105A9B6BB7EE30
:10E6C800006AF8EEE77ADFED0A5AC3F30803C5EEED
:10E6D800276A07EE903AF8EEE77AE7EE257A77EEC2
:10E6E800867A66EEA76A83E7004402580024744AD3
:10E6F800000000390090D0030024744B0024744CAF
:10E70800584B70B4996A9D6ADE6A15F07C7FC5F330
:10E7180005525C6C5CD0C4F3CC0406F4807601F03E
:10E72800030106FB04F4012907EE904AB8EEE77AE4
:10E7380003D0022975D000294FD007EE902ADFEDCB
:10E748004A6AF8EEE77A1B6C86EEA76A9FED475A8D
:10E75800C3F3080306EE903AF7EE005AF8EEE66ABD
:10E76800E7EE056A76EEA56A66EE266A3D4AB7EEDA
:10E77800006A136CC3F3462307EE103AB8EEC77A63
:10E7880070BC37EE067AC6EE877AFCEEE77AC0ED03
:10E79800007A136CC3F3064307EE103AB8EEC77A53
:10E7A80037EE067AC6EE877AFCEEE77AC0ED017A94
:10E7B800136CC3F3066307EE903AF8EEE77A77EE48
:10E7C800867A86EEA77ABCEEC77A80ED027A704721
:10E7D80070BCC0E90022826070471968890627D595
:10E7E8001C6807EE902A2249F7EE005A1B6CC4F306
:10E7F800C102F8EEE77A9FED1D5AC3F30803D14032
:10E8080006EE903A06EE101AF8EEE66AB8EEC66A18
:10E81800E7EE056A86EE277A76EEA56A66EE876ADF
:10E82800A4E707EE902ADFED136AF8EEE77A8AE7A5
:10E8380007EE902A9FED105A1B6CB7EE006AF8EEAF
:10E84800E77ADFED0A5AC3F30803C5EE276A07EE35
:10E85800903AF8EEE77AE7EE257A77EE867A66EE72
:10E86800A76A83E7004402580024744A000000396C
:10E878000090D0030024744B0024744C584B70B49F
:10E88800996A9D6ADE6A15F47C7FC5F305125C6B94
:10E898005CD0C4F3CC0406F0010601F0030106FBCA
:10E8A80004F4012907EE904AB8EEE77A03D002296A
:10E8B80075D000294FD007EE902ADFED4A6AF8EEAE
:10E8C800E77A1B6B86EEA76A9FED475AC3F30803E6
:10E8D80006EE903AF7EE005AF8EEE66AE7EE056AB9
:10E8E80076EEA56A66EE266A3D4AB7EE006A136BB5
:10E8F800C3F3462307EE103AB8EEC77A70BC37EE7A
:10E90800067AC6EE877AFCEEE77AC0ED007A136BDA
:10E91800C3F3064307EE103AB8EEC77A37EE067A25
:10E92800C6EE877AFCEEE77AC0ED017A136BC3F383
:10E93800066307EE903AF8EEE77A77EE867A86EE87
:10E94800A77ABCEEC77A80ED027A704770BCC0E93E
:10E958000022826070471968890627D51C6807EE6F
:10E96800902A2249F7EE005A1B6BC4F3C102F8EE55
:10E97800E77A9FED1D5AC3F30803D14006EE903A9B
:10E9880006EE101AF8EEE66AB8EEC66AE7EE056A11
:10E9980086EE277A76EEA56A66EE876AA4E707EE22
:10E9A800902ADFED136AF8EEE77A8AE707EE902AF5
:10E9B8009FED105A1B6BB7EE006AF8EEE77ADFEDB1
:10E9C8000A5AC3F30803C5EE276A07EE903AF8EE31
:10E9D800E77AE7EE257A77EE867A66EEA76A83E726
:10E9E800004402580024744A000000390090D00303
:10E9F8000024744B0024744CB0F5807F00B585B0BA
:10EA080048D0B0F5007F11D0B0F5806F00F082805B
:10EA1800B0F5006F52D0B0F5805F2CD0B0F5002F64
:10EA280000F09680002005B05DF804FB534A136D92
:10EA380003F4E073802B59D012D9C02B26D0B3F53C
:10EA4800807FEFD1D36C13F040535BD0B3F1805F7C
:10EA580000F08D80B3F1005F494818BF0020E2E75D
:10EA6800002B3CD0402BDDD101A8FFF78BFD01988E
:10EA780005B05DF804FB414A136D03F4E043B3F5B8
:10EA8800005F33D029D9B3F5405F58D13D4805B070
:10EA98005DF804FB394B1B6D03F00703042BC1D849
:10EAA80001A252F823F000BFE7EA000871EA000863
:10EAB800F5EA000895EA000803EB00082F4A936D71
:10EAC80003F0E063B3F1007F10D01DD9B3F1407FAC
:10EAD800DCD0B3F1806FB5D0A4E7002B34D101A806
:10EAE800FFF7CCFE029805B05DF804FB01A8FFF71C
:10EAF80007FE019805B05DF804FB204BDB6C13F0B2
:10EB08004053A3D120488EE7002BE8D0B3F1807F93
:10EB1800AAD087E7194A936D03F46003B3F5800F11
:10EB2800E4D005D8002BDAD0B3F5001F9CD079E7E4
:10EB3800B3F5C00FAAD0B3F5000F83D072E7B3F5D1
:10EB4800804F3FF47FAF6DE7B3F5805F8CD069E706
:10EB58000A4A936D03F44033B3F5803F09D0B3F507
:10EB6800003F3FF46FAF002B7FF45CAF7CE70748B2
:10EB780059E701A8FFF7C4FD039854E70044025879
:10EB88000024F4000080BB000090D00300093D0081
:10EB980008B5FEF7ABFC064B06499B69064AC3F36A
:10EBA8000323CB5C03F01F03D840106008BD00BFEF
:10EBB800004402585C4C01083C020024F8B5016886
:10EBC8000546AC4B99421FD0203399421CD003F51F
:10EBD8007873994258D02033994255D003F5787309
:10EBE800994200F01E812033994200F01A8195F86D
:10EBF8009130A14E03F0FF026BB9284685F89020AA
:10EC0800F8F774F9296806E09C4E95F8913003F0FE
:10EC1800FF02002BF1D09A4B9A4A1B68A2FB0323F0
:10EC28000A681B0B22F480329B000A6023B30C682D
:10EC3800013B14F48034F9D1022385F89130EB6854
:10EC4800012B00F01081022B15BF0320232002277F
:10EC5800222715BF4FF0010C4FF0210C0022202273
:10EC6800AB68013B042B00F24B81DFE813F0CF00C7
:10EC78001000D6000F00D200D5F89430012043F0E0
:10EC88004003C5F89430F8BD7F4EBEE73A464FF4CE
:10EC980000672B6A3260002B44D0764B994200F013
:10ECA8001E817A48081AB0FA80F04009002840F01E
:10ECB8001681774B994200F00C812033994200F07D
:10ECC8000881744B994200F0FE802033994200F08D
:10ECD800FA80714B994200F00881704B994200F01C
:10ECE8000A81AB6900EB8000B3F5002F4FEA4003BF
:10ECF80000F0E280AA6A296AB2F1806F0CBF022292
:10ED0800012201FB02F21202B3FBF2F3644AA2FBF6
:10ED18000312D20802EB8201A3EB4103092B08BFBF
:10ED280001326A626B6833F002032B6D40F0968003
:10ED3800012B14BF4FF400740024FAF76FF8696CC4
:10ED4800B0F5005FD5E9003242EA0102A96C42EA57
:10ED58000102E96C42EA0102E96A42EA01026969D0
:10ED680042EA010272D3A96918680A43A96A0A43E8
:10ED78004C490140196029690A4319680A43696ABC
:10ED880042EA015248493A4322431A605A68286BBA
:10ED98001140EA690243686B5960024359680A43A3
:10EDA80042495A609A6811406A6E9960E96D98689C
:10EDB8000A43296E0A43696D01390A43A96D01396D
:10EDC80042EA012202434FF220009A60D968AA6EF3
:10EDD8000140D960E96ED8680A43696F42EA014286
:10EDE800296F013942EA0122224902438B42DA6043
:10EDF80019D0294A934216D000230122C5F894302D
:10EE0800184685F8903085F89120F8BD4FF4806752
:10EE18003FE702464FF400673BE762464FF400675E
:10EE280037E7234EF1E6736C23F00103736495F81A
:10EE38003830012BE0D1D5E90F23013A43EA021318
:10EE48007364736C43F001037364D5E7A9691868A8
:10EE58000A43184901401960A96A8DE7012B08BFC8
:10EE68004FF4007469E7132012274FF0110C102299
:10EE7800F6E600BF0458014000540058005801400D
:10EE88003C0200241BECCB95005C01402458014057
:10EE9800045C0140046001400454005824540058A4
:10EEA800CDCCCCCC10C005F0F01FFFFF0080F8FFE0
:10EEB8000060014010C005F82A6A696D01FB02F282
:10EEC800B3FBF2F322E74FF40070FFF795FD2968D2
:10EED800FFE64FF40070FFF78FFD2968F1E64FF465
:10EEE8008070FFF789FD2968E3E64FF48060FFF73B
:10EEF80083FD2968F1E64FF40060FFF77DFDF0E639
:10EF08000027C6E6022938B5044635D9C81E0128A7
:10EF180030D8002023676064E064E065A0664FF69F
:10EF2800FF706067606830F002000CBF01250025A3
:10EF380004294FF4003125650CBF01200D202166FE
:10EF48004FF48021A0656166032A13D8DFE802F038
:10EF5800474E54362368484A934205D002F1C052BE
:10EF6800A2F58232934205D16368012B02D1636C0A
:10EF7800002B2FD0012038BD002023676064E06497
:10EF8800A066606830F0020014BF012000202065F0
:10EF98004FF48030E0654FF6FF70606713F00100B2
:10EFA800E8D14D1E012D29D860664FF40030206647
:10EFB800032ADFD8DFE802F05546362CE0215B0152
:10EFC8008022A1646365E266F9F728FF94F8383077
:10EFD800012BBFD02046BDE83840FFF7EFBD8021A8
:10EFE8001B014022A1646365E266EDE780225B01B4
:10EFF800A2646365E266E7E7C021E0E720664FF4B4
:10F0080080206066032AB5D8DFE802F02B1C0C02CA
:10F018005B08E02080219A01A0645B01E166C4E9F5
:10F028001523D1E75B08C022802502294FEA831007
:10F03800A2644FEA4313E5666065A365C4D108235B
:10F04800A366C1E75B08802202294FEA8310A26405
:10F058004FEA4313E266C4E91503B5D11023A3664A
:10F06800B2E75B08802040215A01A0641B01E166D9
:10F07800C4E91523A8E700BF045801402DE9F84367
:10F088000F4604461546F9F7B1FE002F61D0B5FAD0
:10F0980085F84FEA5818002D5BD094F89130012B71
:10F0A8005FFA83F950D194F89030012B4CD0434645
:10F0B800C4F894800646D4F8800065F30F032268EC
:10F0C80084F89090394665F31F43A7671C32E367BD
:10F0D8002B46122584F891502E4DC0F850800564B7
:10F0E8002D4DC5632D4DC564FBF700F800283ED1B2
:10F0F800636C082B636831D005216122023B012B28
:10F1080098BF1146226813690B431361136843F4CF
:10F118000033136006E0F9F769FE831BB3F57A7FC5
:10F128002AD82268556915F4E025F4D01368DB0362
:10F1380003D4136843F4803313600023994684F89A
:10F1480090304846BDE8F8834FF002094846BDE8CC
:10F15800F8834FF001094846BDE8F88323F002021E
:10F16800012A0BBF1521052171226122C6E74846F5
:10F1780084F89080BDE8F883D4F894304FF0030900
:10F1880084F8905043F040034846C4F89430BDE8F2
:10F19800F88300BFE5F200087DF2000865F3000877
:10F1A800F8B500294ED0B2FA82F513466D09002A47
:10F1B80048D090F891200446012AD6B23FD190F861
:10F1C8009020012A3BD081670A462946222780F8E9
:10F1D800906063F30F01C0F8945063F31F41C16757
:10F1E800D0F8840084F891701E4F216807641E4F80
:10F1F8001C310565C7631D4FC764FAF777FF20BB4D
:10F2080023681A68D20303D41A6842F480321A6059
:10F21800626C082A62681CD005216120023A012A22
:10F2280098BF01461A6900200A4306461A611A68FF
:10F2380042F400321A6084F890003046F8BD022685
:10F248003046F8BD01263046F8BD304684F8905067
:10F25800F8BD22F0020101290BBF152105217120FB
:10F268006120DBE755F30008F1F2000865F30008B8
:10F27800704700BF08B5C369806BB3F5807F1BD0AA
:10F2880003684FF0000C416C1A680829A0F87EC08A
:10F2980022F400321A60426811D06FF0610C6FF0EE
:10F2A8000501023A012A98BF61461A694FF0010C1C
:10F2B8000A401A6180F891C0FFF7DAFF08BD22F012
:10F2C800020101290BBF6FF0710C6FF0610C6FF038
:10F2D80015016FF00501E4E7704700BF806B08B5C2
:10F2E800FFF7FAFF08BD00BF08B5C369806BB3F527
:10F2F800807F1BD003684FF0000C416C1A68082906
:10F3080022F400321A604268A0F87EC011D06FF073
:10F31800610C6FF00501023A012A98BF61461A692B
:10F328004FF0010C0A401A6180F891C0F7F7E4FE2B
:10F3380008BD22F0020101290BBF6FF0710C6FF0BC
:10F34800610C6FF015016FF00501E4E7806B08B5FB
:10F35800F7F796FE08BD00BF704700BF10B5846B75
:10F36800FBF7CEFB022823D0D4F89420216842F082
:10F378008002134B1348C4F894201B680A68A0FB4A
:10F38800030322F400321B0B0A600A689B0022F474
:10F3980080320A606BB10A68013BD203FAD40122B9
:10F3A8000023204684F89120A4F87E30FFF7D4FF8C
:10F3B80010BDD4F8943043F04003C4F89430EEE71D
:10F3C8003C0200241BECCB9518B338B590F82C30D0
:10F3D80004460D4603F0FF02B3B12146022384F828
:10F3E8002C3051F8040B01F05FFE62682946206852
:10F3F80001F098FE084A01210020136843F00043F9
:10F40800136084F82C1038BD80F82D20F5F7DEF84D
:10F41800E3E70120704700BF0040005270B590F844
:10F428002C300446022BD8B204D000F0FB06012E83
:10F4380001D0012070BD02230D46206884F82C30CD
:10F4480001F0BCFE2B68022B03D0002084F82C604E
:10F4580070BD0523002084F82C3070BD38B590F8B5
:10F468002C300446022BD8B205D094F82C30012B4E
:10F47800DDB201D0012038BD0223206884F82C3089
:10F4880001F0B0FE002084F82C5038BDF8B5D0F853
:10F498008070202F44D1002940D0B2FA82F6760934
:10F4A800002A3BD0044690F87C00012838D001257A
:10F4B8002123606FA4F856202165C4F88860A4F859
:10F4C800542084F87C50C4F88030D8B1DFF854C098
:10F4D80013462268C0F83CC0DFF84CC028320665E5
:10F4E800C0F840C0DFF844C0C0F84CC0FAF7FEFDD1
:10F4F80040B11023284684F87C60C4F88830C4F8EA
:10F508008070F8BD2368002240211046196284F8F3
:10F518007C209A6842F080029A60F8BD0120F8BD0C
:10F528000220F8BDE5F5000815F6000865F60008A4
:10F53800F8B5D0F88470202F48D1002944D0B2FA09
:10F5480082F67609002A3FD090F87C300446012BD9
:10F558003CD001252223C0F888608165A0F85C2092
:10F5680080F87C50C0F88430806FE0B1DFF860C06C
:10F5780013460A462168C0F83CC0DFF858C0243159
:10F588000665C0F840C0DFF850C0C0F84CC0FAF7B4
:10F59800ADFD40B11023284684F87C60C4F888305B
:10F5A800C4F88070F8BD2368002084F87C001A68CD
:10F5B80042F480721A609A6842F001029A609A686E
:10F5C80042F040029A60F8BD0120F8BD0220F8BD63
:10F5D80021F6000859F6000865F6000808B5C36961
:10F5E800806BB3F5807F0CD003680022A0F856200A
:10F5F8009A6822F080029A601A6842F040021A6003
:10F6080008BDF8F791FC08BD704700BF806B08B5CE
:10F61800FFF7FAFF08BD00BF08B5C369806BB3F5F3
:10F62800807F12D0036800222021A0F85E201A688B
:10F6380022F480721A609A6822F001029A609A682D
:10F6480022F040029A60C0F88410F8F771FC08BDF7
:10F65800806B08B5F8F7B6FC08BD00BF806B38B5FD
:10F668000368D0F88040D0F884109A68150601D550
:10F67800212C1DD09A68520601D5222908D0D0F82D
:10F68800883043F01003C0F88830F8F7E3FC38BD41
:10F6980000240F4A2025A0F85E40196821F49071D3
:10F6A800196099680A409A60C0F88450C466E6E711
:10F6B80000222024A0F856201A6822F0C0021A60FE
:10F6C8009A6822F400029A60C0F88040D2E700BF2E
:10F6D800FEFFFFEF0268D36970B51E071568044680
:10F6E800916800F084806C4805F4907C08405CEADE
:10F6F80000061DD1D80202D54E0200F19D801806E1
:10F7080006D501F4000105F08000014340F08C802B
:10F718005E0602D5680600F19B80190202D56A00D0
:10F7280000F1A380DB0102D5002DC0F2AA8070BDD4
:10F73800DE0709D5EE0507D501261662D4F88860DC
:10F7480046F00106C4F888609E0760D5CE0709D543
:10F7580002261662D4F8886046F00406C4F8886069
:10F768005E0758D41E070CD505F0200C5CEA000093
:10F7780007D008201062D4F8880040F00800C4F8C8
:10F788008800D4F888000028D1D09E0606D505F058
:10F79800200501F0805155EA01036BD1D4F8885057
:10F7A800936805F0080503F040031D436ED0116807
:10F7B80020203A4B21F49071116091680B40002190
:10F7C8009360C4F884009368E1665D063CD593684D
:10F7D800A06F23F040039360002835D0304B0365B9
:10F7E800FAF7A4FD0028A2D0A06F036D0CE09E06D6
:10F7F80080D505F0200C01F0805E5CEA0E063FF42F
:10F8080079AFC36E002B92D0BDE8704018475E07F1
:10F81800A8D5CE07A6D504261662D4F8886046F087
:10F828000206C4F888609DE7236F002B3FF47FAF82
:10F838002046BDE8704018474FF4801320461362F5
:10F84800BDE8704001F068BB2046F8F703FC70BDC6
:10F8580013682020002123F040031360C4F88000BF
:10F8680020462167F8F760FB70BD2046BDE8704070
:10F8780001F056BBE36E002B90D0204698472268D3
:10F888008CE72046BDE8704001F048BB2046F8F7F9
:10F89800E1FBC4F8885070BD01000010FEFFFFEFC7
:10F8A800ADF8000808B5806B0023A0F85E30A0F81A
:10F8B8005630F8F7CFFB08BDD0F88020D0F8840088
:10F8C80010437047F0B58268044687B02368D0E9D2
:10F8D80004101D680A43616E0243E06902430A434B
:10F8E800A8492940A84D0A43E168AB421A605A6802
:10F8F80022F4405242EA0102A1695A6000F09D8058
:10F90800226A9D681143A14A666A2A401143996098
:10F91800DA6A22F00F023243DA629D4A934224D017
:10F928009C4A934255D09C4A934200F02F829B4AAE
:10F93800934200F09B829A4A934200F0E980994AE8
:10F94800934200F09D82984A934200F0D885974AE6
:10F95800934200F0D682012500234FF00112284679
:10F968002367C4E91A2307B0F0BD914B5B6D03F020
:10F978003803282BEFD88F4AD55CB0F5004F33D029
:10F98800202D00F2D981202D00F2B680DFE815F095
:10F99800A8017B01B400B4007201B400B400B40043
:10F9A8004901B400B400B400B400B400B400B40019
:10F9B8001C01B400B400B400B400B400B400B40036
:10F9C800B400B400B400B400B400B400B400B4008F
:10F9D800CA00774B5B6D03F00703052BBBD8764A4B
:10F9E800B0F5004FD55CCBD1202D00F21482202D2C
:10F9F80000F20082DFE815F08A035804FE01FE01D8
:10FA08002804FE01FE01FE018604FE01FE01FE013E
:10FA1800FE01FE01FE01FE01F203FE01FE01FE01F0
:10FA2800FE01FE01FE01FE01FE01FE01FE01FE01D6
:10FA3800FE01FE01FE01FE01B7039868534A024029
:10FA48005B480A439A60DA6A616A22F00F020A4345
:10FA5800DA62836D03F00703052B3FF67CAF574A44
:10FA6800D65C202E00F29C81012E7FF674AFB31E67
:10FA78001E2B3FF670AF01A252F823F03B0001089D
:10FA88005FF90008E5FF00085FF900085FF9000862
:10FA98005FF90008AF0001085FF900085FF9000886
:10FAA8005FF900085FF900085FF900085FF90008CE
:10FAB8005FF900084F0001085FF900085FF90008C6
:10FAC8005FF900085FF900085FF900085FF90008AE
:10FAD8005FF900085FF900085FF900085FF900089E
:10FAE8005FF900085FF900085FF900085FF900088E
:10FAF8005FF90008C500010801250023A3F11001E2
:10FB08004FF6EF7291423FF626AF2268D36023E7A3
:10FB1800274B5B6D03F00703052B3FF61CAF284A04
:10FB2800D55C2AE7002E00F0B581012E00F09E85F5
:10FB3800022E00F0B185032E00F0D885042E00F0C7
:10FB4800F485052E00F08486062E00F0BE86072E6A
:10FB580000F0FD86082E00F05087092E00F07B8704
:10FB68000A2E00F0DC8743F60953164A0B2E18BFFD
:10FB780013466268002503EB5203B3FBF2F39BB212
:10FB8800BCE700BFF369FFCF000C0058FFF4FF117A
:10FB9800001001400044004000480040004C004074
:10FBA800005000400014014000780040007C0040F4
:10FBB800004402582C4D0108584D0108604D0108B9
:10FBC800584D010800093D00B34B1A68920640F1F0
:10FBD8006F811A68B14BC2F3C102D340002EC8D05E
:10FBE800012E00F0EF81022E00F0C584032E00F0F4
:10FBF800BF84042E00F02B85052E00F09D86062E6E
:10FC080000F0DC86072E00F01C86082E00F04E86D9
:10FC1800092E00F08E860A2E00F0E3860B2EA8D15E
:10FC280026E003A8FEF76CFD626A049B002AA0D0B8
:10FC3800012A00F0C781022A00F09D84032A00F0FF
:10FC48009784042A00F00385052A00F0FD84062A1B
:10FC580000F07E85072A00F0F485082A00F0268641
:10FC6800092A00F066860A2A00F0BB860B2A80D192
:10FC78001B0A7EE76846FEF785FC626A019B002A3C
:10FC88003FF477AFD4E7FDF71DFE636A03B3012B9A
:10FC980000F0F384022B00F0CE84032B00F0C8841C
:10FCA800042B00F01785052B00F01185062B00F0BA
:10FCB8000686072B00F04886082B00F09B86092B48
:10FCC80000F0E1860A2B00F03B870B2B08BF000AE7
:10FCD8006268002500EB5203B3FBF2F39BB20DE719
:10FCE800FDF7D4FD636A03B3012B00F0C984022B2E
:10FCF80000F0A784032B00F0A184042B00F0E48417
:10FD0800052B00F0DE84062B00F0E685072B00F0BB
:10FD18003686082B00F08786092B00F0B1860A2B5F
:10FD280000F0FA860B2B08BF000A626800EB52034A
:10FD3800B3FBF2F39BB2E1E6402D7FF40CAE002E4C
:10FD480000F0DC80012E00F09484022E00F0A784DD
:10FD5800032E00F0C784042E00F0EC84052E00F07A
:10FD68007A85062E00F0B485072E00F0FE85082E51
:10FD780000F04986092E00F08B860A2E00F02987AC
:10FD88000B2E0CBF80234FF40043F2E6424B5B6D11
:10FD980003F00703052B3FF6DEAD414AD55CECE5E1
:10FDA800402E7FF4D8AD002900F0B580012900F07D
:10FDB8006E84022900F08284032900F0AF840429AC
:10FDC80000F03B85052900F06985062900F0AD851E
:10FDD800072900F0EF85082900F03686092900F088
:10FDE8005B860A2900F0F9860B290CBF80254FF4A1
:10FDF800004592E001250023A3F110014FF6EF72B0
:10FE080091423FF6A8AD23F00F02C3F34203134318
:10FE18002268D360A0E5402D7FF49DAD002E00F050
:10FE2800D380012E00F0D280022E00F06D84032EC4
:10FE380000F0F484042E00F02585052E00F0688576
:10FE4800062E00F0C285072E00F01086082E00F05E
:10FE58004886092E00F059860A2E00F0EC860B2EF3
:10FE68000CBF4FF480704FF48030AFE00A4B5B6DED
:10FE780003F00703052B3FF66EAD0A4AD55C7CE517
:10FE8800054B5B6D03F03803282B3FF664AD064A3B
:10FE9800D55C72E5054B6CE6004402580090D0032F
:10FEA800584D0108584D01082C4D010800093D0026
:10FEB800002E00F0BA83012E00F0FD83022E00F020
:10FEC8002A84032E00F0B684042E00F0E484052E64
:10FED80000F02885062E00F08785072EDAD0082E38
:10FEE80000F0C483092E00F0D7830A2E00F01D8489
:10FEF800B44BB54A0B2E18BF13463AE64FF40043ED
:10FF080037E6B24B5B6D03F00703052B3FF623ADD5
:10FF1800AF4AD55C31E54FF40045676807EB470306
:10FF2800AB423FF618ADB5EB073F3FF614AD202EB8
:10FF380000F2F082012E7FF60EAD023E1E2E3FF635
:10FF48000AAD01A353F826F08D0401085FF90008F3
:10FF5800630401085FF900085FF900085FF9000809
:10FF6800010401085FF900085FF900085FF900085B
:10FF78005FF900085FF900085FF900085FF90008F9
:10FF8800950301085FF900085FF900085FF90008A8
:10FF98005FF900085FF900085FF900085FF90008D9
:10FFA8005FF900085FF900085FF900085FF90008C9
:10FFB8005FF900085FF900085FF900085FF90008B9
:10FFC8001D0301085B08D4E54FF480306268002502
:10FFD80000EB5203B3FBF2F39BB20DE76846FEF762
:10FFE800D1FA636A019D03B3012B00F0CF82022B83
:08FFF80000F0C782032B00F0AA
:020000040801F1
:10000000C182042B00F02F83052B00F02983062BDF
:1000100000F09883072B00F02684082B00F04D8415
:10002000092B00F09B840A2B00F0FB840B2B00F0C3
:100030006582002D3FF494AC73E7FEF795FA636A8E
:100040000546002BD4D1002D3FF48AAC69E7614B03
:100050001A68950640F1A5821B685D4DC3F3C10384
:10006000DD4000293FF45DAF012900F04D830229F6
:1000700000F04683032900F04083042900F0458402
:10008000052900F08384062900F0D484072900F0B4
:100090002085082900F04F85092900F0F9850A29F3
:1000A00000F0FD850B297FF43CAF2D0A39E703A84A
:1000B000FEF72AFB636A049D002B99D1002D3FF4C3
:1000C0004FAC2EE7002900F06A82012900F0DF82A0
:1000D000022900F0F282032900F02883042900F0AD
:1000E000AA83052900F0D883062900F02E84072969
:1000F00000F06184082900F0AF84092900F0EF8442
:100100000A2900F0148543F60955344B0B2918BF12
:100110001D4606E7FDF7BEFB636A03B3012B00F043
:10012000CA82022B00F0F782032B00F07F83042B9E
:1001300000F0B083052B00F0EB83062B00F0508419
:10014000072B00F09E84082B00F0B984092B00F0E7
:10015000E4840A2B00F070850B2B08BF000A61684D
:100160004A0802EB4003B3FBF1F39BB248E6002ED2
:1001700000F03A82012E00F09A82022E00F0C68230
:10018000032E00F04D83042E00F07E83052E00F038
:10019000BA83062E00F02184072E00F06F84082E0B
:1001A00000F08284092E00F0CC840A2E00F06C85C9
:1001B00047F612230A4A0B2E18BF13466268002521
:1001C00003EB5203B3FBF2F39BB219E690D00300AA
:1001D0000090D00300440258584D010800093D002A
:1001E00000127A00A44B1A68910640F1FF811A6848
:1001F000A24BC2F3C10223FA02F206B3012E00F0B1
:10020000B182022E00F03783032E00F06F83042E9C
:1002100000F0C683052E00F00084062E00F06F84E7
:10022000072E00F07184082E00F00385092E00F0DF
:100230003C850A2E00F036850B2E08BF120A616835
:1002400000254B0803EB4203B3FBF1F39BB2D7E568
:100250006846FEF79BF9626A019902B3012A00F031
:100260000782022A00F01A82032A00F03A82042A46
:1002700000F06282052A00F0EB82062A00F0168365
:10028000072A00F07483082A00F0A183092A00F0ED
:1002900001840A2A00F05B840B2A08BF090A6268FD
:1002A0000025530803EB4103B3FBF2F39BB2A7E530
:1002B000FDF70CFB636A03B3012B00F0FA81022BFC
:1002C00000F02B82032B00F08382042B00F0DA82F3
:1002D000052B00F02583062B00F06983072B00F027
:1002E000C283082B00F0EE83092B00F07E840A2BDA
:1002F00000F08D840B2B08BF000A616800254A08B6
:1003000002EB4003B3FBF1F39BB279E503A8FEF7E0
:10031000FBF9626A0499002AC1D09FE7616A00294B
:1003200000F05482012900F01F83022900F08B8322
:10033000032900F0BF83042900F00084052900F0A0
:10034000AA84062900F08E84072900F087840829F2
:1003500000F0E584092900F0DE840A2900F0A88471
:100360004748484B0B2918BF184600217B083A46DE
:1003700018184FF0000341F10001EFF7ADFFA0F5B1
:100380004073414A93423FF6EAAA23680025D860A9
:10039000FFF7E6BA384A116811F0200100F0E78152
:1003A000136800213548C3F3C103D840636A0BB317
:1003B000012B00F04B83022B00F07F83032B00F016
:1003C0000584042B00F05D84052B00F02C84062BA3
:1003D00000F0A984072B00F0B484082B00F0AD8452
:1003E000092B00F094840A2B00F08D840B2B01D193
:1003F000000A00210902030241EA10617808B6E709
:1004000003A8FEF781F90498636A002102460BB342
:10041000012B00F03582022B00F08682032B00F0C6
:10042000C182042B00F02183052B00F04D83062BA5
:1004300000F09083072B00F02184082B00F00B8440
:10044000092B00F004840A2B00F052840B2B01D1FD
:10045000100A002162680902030241EA1061500893
:1004600086E76846FEF792F80198636A0021024623
:10047000002BEFD0CCE700BF004402580090D0031F
:1004800000093D000000093DFFFC0F00FEF76CF87D
:10049000626A002103460AB3012A00F06E82022A32
:1004A00000F0B982032A00F02483042A00F0938329
:1004B000052A00F0A683062A00F0DA83072A00F056
:1004C000D583082A00F01C84092A00F015840A2A22
:1004D00000F02F840B2A01D1030A0021626809026F
:1004E000180241EA13615308C0184FF0000341F1AC
:1004F0000001EFF7F1FEA0F5407342E72D0A002D51
:100500003FF42EAA0DE5B54B5B6D03F00703052BF9
:100510003FF625AAB24AD55CFFF733BA402E7FF4E6
:100520001EAA616A002900F04E81012900F027828D
:10053000022900F08482032900F0CE82042900F011
:100540005783052900F05983062900F0688307299D
:1005500000F06083082900F0B783092900F0AF8319
:100560000A2900F0C0830B294FF000010CBF4FF4A3
:1005700000404FF40000F9E69A4AA2FB03239B08CF
:10058000FFF7FBBA974BA3FB0535AD08002D3FF4F1
:10059000E7A9C6E46D08002D3FF4E2A9C1E4924D3D
:1005A000BFE400295AD0012900F0AC80022900F0F4
:1005B000DB80032900F06181042900F0A181052975
:1005C00000F0EB81062900F016820729E7D0082900
:1005D0005DD0092971D00A2900F02D81834D844B0B
:1005E0000B2918BF1D469CE4824BE7E5002E50D036
:1005F000012E00F0AF80022E00F03B81032E00F0B0
:100600007A81042E00F0C781052E00F0FD81062EB0
:1006100000F04D82072EE7D0082E48D0092E75D065
:100620000A2E00F03181744B744A0B2E18BF13460A
:10063000C4E56F4BFFF7A1BA6A4BA3FB00308008FB
:10064000FFF74ABB674BA3FB00308008FFF771BB85
:100650006B4AA2FB0323DB08FFF78FBA644D60E40B
:10066000674BA3FB0535ED08002D3FF479A958E44D
:10067000490814E6634BFFF780BA4FF48043FFF755
:100680007CBA4008FFF728BB4008FFF752BB5D4D1E
:1006900047E45A4B92E54FF4804542E48908FEE571
:1006A000594BFFF76ABA4FF40053FFF766BA4E4B47
:1006B00084E5400821E6400851E5534D31E4534BB1
:1006C000FFF75BBA4FF400552BE44D4BA3FB003012
:1006D000C008FFF72EBB4A4BA3FB0030C008FFF752
:1006E000FBBA404BA3FB01239908D8E541F25553CF
:1006F000FFF743BA464BFFF740BA3A4BA3FB053529
:10070000AD080EE4414D0CE46D080AE43D4B55E59F
:100710004FF480405EE4800821E58008EDE53D4B24
:10072000FFF72BBA41F25555FFF7FBBB384DFFF7EA
:10073000F8BB314BFFF721BAC908B0E54FF480533D
:10074000FFF71BBA0C23B5FBF3F5002D3FF408A906
:10075000FFF7E7BB264B31E5224AA2FB0323DB0868
:10076000FFF70BBA52086AE52A4DFFF7DABB626A57
:10077000002A00F0C280012A00F07981022A00F0EC
:10078000B281032A00F0C381042A00F05E82052AA8
:1007900000F05982062A00F09E82072A00F0998212
:1007A000082A00F09D82092A00F097820A2A00F0A8
:1007B00083820B2A184A0E4B0EBF002103211346D9
:1007C00078083A4690E64FF40000CFE51348CDE5AF
:1007D000044BA3FB002398088FE500BF0044025898
:1007E000584D0108ABAAAAAA00093D0090D0030009
:1007F0000090D00300127A0020A107000020A1077A
:10080000CDCCCCCC80841E0040420F000048E801D3
:100810002A2C0A000024F400000090D00000093DBA
:10082000CF4BCBE442F6AA20FFF7D4BBCD4BA3FBC2
:100830000023980893E4CC4DFFF773BBCB4BFFF735
:100840009CB94FF48055FFF76CBB1B09FFF795B9B6
:100850000A23B1FBF3F122E5C54BFFF78EB940F651
:10086000CC43FFF78AB92D09002D3FF479A8FFF793
:1008700058BBC04BA2E49208E1E4BC4DFFF751BB6A
:100880004008E7E5C00838E5BB4B97E44FF400505B
:10089000FFF7A0BBC00862E4B54DFFF742BBB74B02
:1008A000FFF76BB940F6CC45FFF73BBB0C23B1FB20
:1008B000F3F1F4E45B09FFF760B96D09002D3FF433
:1008C0004FA8FFF72EBBA74BA3FB0030C008FFF7D4
:1008D00003BAAB4BFFF751B940F6AA23FFF74DB966
:1008E000A04BA3FB0030C008FFF723BA9D4BA3FB2E
:1008F00002239A08A3E4A34B60E4A34B03215FE720
:100900009E4DFFF70EBBA14B58E4ED08FFF709BB66
:100910000A23B0FBF3F022E441F69810FFF75ABB2C
:100920000A23B0FBF3F0E8E4800893E5984BFFF767
:1009300024B940F6AA25FFF7F4BA9B09FFF71DB9C1
:100940000A22B3FBF2F3FFF718B98D4DFFF7E9BAAE
:100950000009FFF7C1B98F4BFFF70FB9AD09002DA3
:100960003EF4FEAFFFF7DDBA8B480021FEE4090933
:1009700095E44FF40063FFF700B94308AEE54FF488
:1009800080000021F2E40009FFF7D3B90A23B5FB88
:10099000F3F5FFF7C6BA814B10E47D4DFFF7C1BAFE
:1009A000D2084CE406220023EFF796FC52E50C2314
:1009B000B0FBF3F0A1E4774DFFF7B3BA4FF4006555
:1009C000FFF7AFBA0C22B3FBF2F3FFF7D6B8490931
:1009D00065E441F25450FFF7FDBA714BFFF7EEBBEF
:1009E0000C23B0FBF3F0FFF7BABBDB09FFF7C5B888
:1009F0006C4BFFF7C2B86B4DFFF793BA4009FFF796
:100A00006BB9694BFFF7B9B8684BFFF7D7BB4FF429
:100A10008063FFF7B2B8830860E50A23B2FBF3F204
:100A20000DE4ED09002D3EF49BAFFFF77ABA4009C3
:100A3000FFF77FB90C23B5FBF3F5FFF772BA4FF45C
:100A40000010002192E45A4800218FE44008D1E4CC
:100A50004FF48065FFF765BA534DFFF762BA4FF266
:100A60002443FFF78AB8000947E4C008F2E4514B79
:100A70001146A5E64FF48050FFF7ACBA3A4BFFF7AA
:100A80009DBB0009FFF76BBB8009FFF752B98009D6
:100A9000FFF722B9890902E44FF40073FFF76DB83C
:100AA0004FF40075FFF73DBA3A4BFFF787BB2F4B6A
:100AB000FFF784BB4048002158E480089AE44009CD
:100AC000FFF74DBB400918E40A220023EFF704FCAE
:100AD000C0E42D09FFF725BA3848002146E44FF25B
:100AE0002445FFF71EBA364B6AE64FF40060FFF765
:100AF00071BA00230622EFF7EFFB0346EEE40C2366
:100B0000B2FBF3F2FFF79BBB1209FFF798BB2D4B2B
:100B100056E64FF48060FFF75DBA8009FFF71FBB10
:100B2000C009FFF706B947F61223FFF726B847F6C4
:100B30001225FFF7F6B96D09FFF7F3B92248002136
:100B400014E4194BFFF73ABBC009FFF7C5B8C90950
:100B5000FFF7A5BB0C220023EFF7BEFB7AE400BF32
:100B600054581400ABAAAAAA20A10700AAC2A20046
:100B7000801A06000048E80140420F0000127A0087
:100B80001516050054854501000090D000350C0075
:100B900000A8610090D003000080841E0024F400AF
:100BA0002A2C0A005561510048E801000050C3009A
:100BB0000040420F000048E8002A2C0A00551500AA
:100BC000000024F400AAC2A20020A10706220023EC
:100BD000EFF782FB0EE4C30880E44FF48073FEF766
:100BE000CCBF4FF48075FFF79CB98009FFF785BB38
:100BF0004FF480100021FFF7B9BB53480021FFF7E5
:100C0000B5BB00230A22EFF767FB034666E4C00981
:100C1000FFF773BB4FF400200021FFF7A7BB4B4841
:100C20000021FFF7A3BB0A220023EFF755FBFFF7D4
:100C3000E1BB5209FFF703BBC009FFF790BA4FF4BD
:100C40000070FFF7C7B9424BBAE5424BB8E59009CF
:100C50000021FFF7FFBB4009FFF7FCBB3E48002126
:100C6000FFF784BB3D480021FFF780BB030935E453
:100C700000230C22EFF730FB03462FE40009FFF7B7
:100C8000E9BBC008FFF7B6BB4FF22443FFF796BAA3
:100C9000AD09FFF746B932480021FFF767BBED0900
:100CA000FFF73FB9D209FFF7CABA9209FFF7C7BAEF
:100CB0002C480021FFF75ABB2B4B002180E54FF455
:100CC00000300021FFF752BB4FF480200021FFF7D6
:100CD0004DBB264B74E5264B72E5264B00216FE594
:100CE000254B00216CE54FF480300021FFF73EBB1F
:100CF000D0090021FFF7AEBB83090021FFF7EEBB4F
:100D00004309FFF7EBBBC0090021FFF773BB800964
:100D10000021FFF76FBB19480021FFF727BB1848D8
:100D20000021FFF723BB0C220023EFF7D5FAFFF7D2
:100D300061BBC3090021FFF7D1BB40090021FFF7C8
:100D400059BB0009FFF756BB00CC0C0000AA0A00F3
:100D50000000A8610000127A0090D003001516056B
:100D600000801A0600127A000020A1070000093D49
:100D7000005561510040420F0080841E0024F400A1
:100D80000048E801836ADA0710B406D50168C46A2E
:100D90004A6822F4003222434A609C0706D5016863
:100DA000046B4A6822F4803222434A60590706D510
:100DB0000168446B4A6822F4802222434A601A0781
:100DC00006D50168846B4A6822F4004222434A60D7
:100DD000DC0606D50168C46B8A6822F4805222437F
:100DE0008A60990606D50168046C8A6822F400526C
:100DF00022438A605A060AD50168446C4A68B4F5F1
:100E0000801F22F4801242EA04024A600BD01B06C3
:100E100006D50268C16C536823F400230B4353606A
:100E20005DF8044B70474A68846C22F4C002224388
:100E30004A60ECE7002370B50446C0F88830F7F745
:100E4000D9FF054623681A6811070CD41A6852079F
:100E500025D420220023C4F880201846C4F884201A
:100E600084F87C3070BDDE6916F40016EED1F7F719
:100E7000C1FF431BB3F1007F2368F4D31A6820211C
:100E8000032022F4D0721A609A6822F001029A605C
:100E9000C4F8801084F87C60C4F8841070BDDE69EA
:100EA00016F48006D5D1F7F7A5FF431BB3F1007FF9
:100EB0002368F4D3E2E700BF80B3D0F8803010B5E8
:100EC000044633B3226824232046C4F880301368D4
:100ED00023F001031360FEF7F9FC012817D0A36A81
:100EE0008BB9236820465A6822F490425A609A6867
:100EF00022F02A029A601A6842F00102BDE810400E
:100F00001A60FFF797BF2046FFF73CFFE9E7012093
:100F100010BD80F87C30F6F769FDD3E701207047FB
:100F2000704700BF704700BF704700BF90F87C203B
:100F3000012A17D0026803462420002130B4C3F8E8
:100F4000800020251068146820F0005024F001046F
:100F50001460596610600846C3F8805083F87C100E
:100F600030BC70470220704790F87C20012A46D0A0
:100F700002680346242030B4C3F8800084B01468AB
:100F80001068EC4604AD20F001001060906820F07D
:100F9000604001431B48916003C88CE803001A4974
:100FA00003C905E90300596E31B391689068C1F334
:100FB000426C05EB50710CF110000DEB000C11F8B8
:100FC000100C11F8081CC0001CF8085CB0FBF1F014
:100FD0001CF8101CC900B1FBF5F1A3F86810002142
:100FE000A3F86A00202508461460C3F8805083F8EF
:100FF0007C1004B030BC704701210846EDE70220A8
:10100000704700BF944B0108684D010890F87C20A0
:10101000012A46D002680346242030B4C3F8800079
:1010200084B014681068EC4604AD20F00100106034
:10103000906820F0606001431B48916003C88CE811
:1010400003001A4903C905E90300596E31B39168D9
:101050009068C1F3426C05EB50710CF110000DEB80
:10106000000C11F8100C11F8081CC0001CF8085CEA
:10107000B0FBF1F01CF8101CC900B1FBF5F1A3F8AE
:1010800068100021A3F86A00202508461460C3F800
:10109000805083F87C1004B030BC704701210846B2
:1010A000EDE70220704700BF944B0108684D01082E
:1010B0000B6810B4D3B90468A3F500434A68234011
:1010C0001343D1E9024223431343D1E904422343AA
:1010D0001343D1E9064223431343D1E90842234392
:1010E0005DF8044B13430360002070470268D1E9A8
:1010F000074322F4F84222434C6A1A430A4B224324
:10110000026042681340D1E9014223431343D1E90D
:10111000034223431343D1E9054223435DF8044BC3
:1011200013434360002070470080FFFF30B40ABBC8
:101130008368D1E9002403F07043013C013A43EA9B
:1011400004131343D1E90224013A013C43EA022388
:1011500043EA0432D1E904348969013B013C013995
:1011600042EA034343EA045343EA016330BC836029
:10117000002070478268CC68114B013C13404A69DB
:1011800043EA0433541E43EA0454D1E90025846041
:10119000C3686C1E013A03F0704343EA04130C6900
:1011A0001A438B68013C8969013B013942EA0323F8
:1011B00043EA044343EA016330BCC3600020704744
:1011C000FF0F0FFF0246D1E9003010B4034314694A
:1011D000D1E9021023435DF8044B013943EA40236F
:1011E000002043EA41131361704700BF0246054BDC
:1011F000002010B4546923405DF8044B43EA4101D8
:101200005161704701C0FFFF022A82B0844613D0AB
:1012100009230193DCF80C30002023F47053CCF840
:101220000C30019BDCF80C209B0203F47053134339
:10123000CCF80C3002B07047224B234A0B44934247
:1012400007D9224B224A0B44934205D80E2301931F
:10125000E0E70F230193DDE71E4B1F4A0B44934247
:1012600007D91E4B1E4A0B44934205D20C2301930F
:10127000D0E70D230193CDE71A4B1B4A0B44934251
:1012800002D80B230193C5E7184B194A0B4493422C
:1012900002D20A230193BDE7164B174A0B4493422F
:1012A000B6D3164B164A0B44934202D2082301933D
:1012B000B0E7144B144A0B44934234BF0723062370
:1012C0000193A7E7405327FFFF340C00401E1BFF8C
:1012D0003F420F0000DC0BFF7F4F1200808CF9FEB5
:1012E00020D6130060B6E5FE5FE3160000D3CEFE05
:1012F00040771B00C05BB3FEC091210000CA91FE85
:1013000020753800E05459FEE09C4100890182B00C
:1013100000230A4A41F020010193016103E00369BF
:1013200013F0200307D0019B013393420193F6D9B8
:10133000032002B07047184602B07047400D03000A
:10134000D0F8083882B003F006030193019838B151
:101350000198022804D0019B062B0CBF02200F200D
:1013600002B0704730B44B780A78012B20D002F0DD
:101370000F0C4FF48033D0F81C4800EB421203FAF4
:101380000CF32343C0F81C38D2F8003B1B040CD4E8
:101390008B68D2F8004BC3F30A03C878144923437F
:1013A00043EA80431943C2F8001B002030BC704759
:1013B00000F5006402F00F0500EB4210AB40E56958
:1013C0002B43E361D0F800391C04EED48B68D0F8CD
:1013D0000059C3F30A03CC7805492B4343EA8443FD
:1013E00043EA8252114330BCC0F800190020704714
:1013F000008000102DE9F0414B7891F800C0012BDE
:1014000051D000EB4C1C844CDCF8105B0CF53063C5
:101410002C401C61814C1D692C401C614C6984B3BB
:101420008D68012A7E4E2C4404F1FF34B4FBF5F4A0
:1014300006EAC44EA4B205FB04F41D694EEA050594
:10144000C4F312041D611D6944EA05041C6125D022
:10145000CB78012B0CD1D0F8083813F4807FDCF85E
:10146000003B0CBF43F0005343F08053CCF8003BEB
:10147000DCF8003B43F00443CCF8003B0020BDE81F
:10148000F0818C68012A1D69C4F3120444EA050442
:101490001C611C6944F400241C61D9D1CA68002A6B
:1014A000D6D05A61D4E74D69002D3DD000EB4C14E5
:1014B000594ED1F808E0D4F81089584F08EA0606CA
:1014C000C4F8106905EB0E06013EB6FBFEFED4F82B
:1014D00010693740524EC4F8107906EACE46D4F867
:1014E00010793E43C4F81069C5F31206D4F8107998
:1014F0003E43C4F8106904F5106691F803E0BEF1AC
:10150000010F57D0012A72D0D4F800290CF00F0C2B
:1015100042F0044203FA0CF3C4F80029D0F834284E
:101520001343C0F83438A9E700EB4C133B4E3A4C58
:10153000012AD3F8107906EA0706C3F81069D3F830
:10154000106946F40026C3F81069D3F8106904EA5C
:10155000060403F51066C3F8104991F803E03AD089
:10156000D3F80049BEF1010F44F00444C3F8004928
:1015700084D1D0F8083813F4807F33680CBF43F06F
:10158000005343F080533360002A7FF477AFADB24D
:101590000335AD083FF472AFCB6800EB0C3C03EBB6
:1015A00085010CF5805C53F8042B8B42CCF80020AD
:1015B000F9D163E73369012A23F0C043336133690A
:1015C00043F00053336117D0D4F8003943F004439B
:1015D000C4F80039CDE70B6963B9BEF1010F0ED035
:1015E0003368002043F004433360BDE8F0810B69A9
:1015F000002BF5D07361F0E70B69002BFAD1D0F81E
:10160000083813F4807F33680CBF43F0005343F075
:1016100080533360E4E700BF0000F8FFFFFF07E0FE
:101620000000F81FF0B54C780B78012C26D000EBA9
:101630004310574CD0F8105B00F530632C401C6110
:10164000544C1D692C401C614C69A4B98C681D69FF
:10165000C4F31204012A45F400251D611D6944EA02
:1016600005041C6149D0D0F8003B43F00443C0F8A6
:10167000003B0020F0BD8C684C61E8E74C69002C11
:1016800040D000EB4315424FD1F808E0D5F810C91F
:10169000404E74450CEA070705F5106CC5F8107943
:1016A000D5F8107906EA0706C5F8106958D9DCF8AC
:1016B0001040012AC1F814E044F40024CCF8104092
:1016C000CEF31204DCF8106044EA0604CCF81040B3
:1016D0003AD0D5F8002942F00442C5F80029BEF1FD
:1016E000000FC6D003F00F010123D0F834288B403F
:1016F0001343C0F834380020F0BDCA68002AB2D0C5
:101700005A61B0E700EB4310224B012AD0F8104990
:1017100000F5106C03EA0403CCF81030DCF810304C
:1017200043F40023CCF81030194BDCF8104003EAE6
:101730000403CCF8103007D0D0F8003943F004434C
:10174000C0F800390020F0BD0B690BB1CCF81430A3
:10175000DCF80030002043F00443CCF80030F0BD4A
:10176000DCF81060C4F31204012A46F40026CCF819
:101770001060DCF8106044EA0604CCF81040E3D0B6
:10178000D5F8002942F00442C5F80029AAE700BFB5
:101790000000F8FFFFFF07E010B49DF8044064B9B3
:1017A00003339B0809D0013201EB830300EB0230C5
:1017B00051F8042B8B420260FAD100205DF8044BF3
:1017C000704700BF033292080AD000F5805C01EB3D
:1017D0008200DCF8003041F8043B8842F9D17047C0
:1017E000084670474A780B78012A00EB43100CD06A
:1017F000D0F8002B0BB1002A14DAD0F8003B43F4E8
:101800000013C0F8003B00207047D0F80029002AE0
:1018100000DB73B9D0F8003943F40013C0F8003985
:1018200000207047D0F8003B23F08043C0F8003B15
:10183000E3E7D0F8003923F08043C0F80039D0F84E
:10184000003943F40013C0F80039E9E74A780B780F
:10185000012A00EB431013D0D0F8003B23F400130F
:10186000C0F8003BCB78023B012B01D90020704728
:10187000D0F8003B43F08053C0F8003B0020704795
:10188000D0F8003923F40013C0F80039CB78023BBC
:10189000012BEBD8D0F8003943F08053C0F8003961
:1018A00000207047034609010020D3F8002801F406
:1018B000FE6122F4FE62C3F80028D3F80028114329
:1018C000C3F80018704700BF82B043690193826972
:1018D000019B13400193019802B0704782B0D0F889
:1018E00018380193D0F81C28019B134001930198EC
:1018F000000C02B0704700BF82B0D0F818380193D6
:10190000D0F81C28019B13400193019880B202B0CB
:10191000704700BF00EB411182B0D1F8083B019342
:10192000D0F81428019B13400193019802B070472E
:1019300084B0D0F8103801F00F0C00EB4111029385
:10194000D0F834380393039B029A23FA0CF3DB019B
:10195000DBB213430293D1F80839029A1340019382
:10196000019804B0704700BF406900F00100704763
:10197000D0F8001900F500630A4A0A40C0F80029AF
:101980009A6802F00602042A05D1D0F8002942F034
:101990000302C0F800295A68002042F480725A609D
:1019A000704700BF00F8FFFF144B10B4046C9C425A
:1019B0001AD800F53060002301290361036943F45C
:1019C00000230361036943F018030361036943F0D3
:1019D000C043036104D14261036843F08023036084
:1019E00000205DF8044B7047D0F8003B00F53060F4
:1019F000002BE0DA00205DF8044B70470A30544FAA
:101A0000D0F8002401F00303012900F5806C22F0D6
:101A10000302C0F80024D0F8002443EA0203C0F80F
:101A2000003409D0022901D00020704741F27073C0
:101A30000020CCF8043070474BF680330020CCF8FF
:101A400004307047D0F8140480B2704700EB4111A5
:101A5000002382B001F5A0620193D1F8003513F4A0
:101A6000802FD1F8003543F08043C1F8003522D1F2
:101A7000C36A13F47F0FD1F8003523D123F000435C
:101A8000C1F80035D1F8003543F00043C1F8003506
:101A9000D1F8003523F40043C1F8003502E01368A3
:101AA000002B13DA019B0133B3F57A7F0193F6D94A
:101AB000002002B07047D0F8103413F47F0FD1F833
:101AC000003506D043F00043C1F80035002002B0D5
:101AD000704723F00043C1F80035D1F8003543F0DA
:101AE0000043C1F80035D1F8003523F40043C1F8B4
:101AF000003502E01368002BE8DA019B0133B3F5EF
:101B00007A7F0193F6D9002002B0704730B40024E8
:101B100084B04FF48465AA4A00940146836823F098
:101B2000010383600394056102E00B69980604D504
:101B3000039B013393420393F7D900201023A04A5B
:101B400002900B6102E00B69DB0604D5029B0133B6
:101B500093420293F7D9D1F8003501F5A06201F55F
:101B6000E0600193019B43F080430193019B23F0CC
:101B700000430193019B23F400430193019BC1F8AF
:101B80000035D1F820350193019B43F08043019348
:101B9000019B23F000430193019B23F40043019335
:101BA000019BC1F82035D1F840350193019B43F0EA
:101BB00080430193019B23F000430193019B23F495
:101BC00000430193019BC1F84035D1F86035019382
:101BD000019B43F080430193019B23F00043019359
:101BE000019B23F400430193019BC1F86035D1F8B8
:101BF00080350193019B43F080430193019B23F0C7
:101C000000430193019B23F400430193019BC1F81E
:101C10008035D1F8A0350193019B43F080430193B7
:101C2000019B23F000430193019B23F400430193A4
:101C3000019BC1F8A035D1F8C0350193019B43F059
:101C400080430193019B23F000430193019B23F404
:101C500000430193019BC1F8C035D1F8E0350193F1
:101C6000019B43F080430193019B23F000430193C8
:101C7000019B23F400430193019BC1F8E035D1F8A7
:101C800000360193019B43F080430193019B23F0B5
:101C900000430193019B23F400430193019BC1F88E
:101CA0000036D1F820360193019B43F08043019325
:101CB000019B23F000430193019B23F40043019314
:101CC000019BC1F82036D1F840360193019B43F0C7
:101CD00080430193019B23F000430193019B23F474
:101CE00000430193019BC1F84036D1F8603601935F
:101CF000019B43F080430193019B23F00043019338
:101D0000019B23F400430193019BC1F86036D1F895
:101D100080360193019B43F080430193019B23F0A4
:101D200000430193019B23F400430193019BC1F8FD
:101D30008036D1F8A0360193019B43F08043019394
:101D4000019B23F000430193019B23F40043019383
:101D5000019BC1F8A036D1F8C0360193019B43F036
:101D600080430193019B23F000430193019B23F4E3
:101D700000430193019BC1F8C036D1F8E0360193CE
:101D8000019B43F080430193019B23F000430193A7
:101D9000019B23F400430193019BC1F8E0361368D3
:101DA0000193019B43F080430193019B43F0004367
:101DB0000193019B23F400430193019B136004E012
:101DC000400D03001368002B05DA009B0133B3F5C7
:101DD0007A7F0093F6D920328242E0D14FF0FF3370
:101DE0000020C1F814344B618B6843F001038B6011
:101DF00004B030BC704700BF08B5D0F88C321BB1BE
:101E00001B68984700B908BD022008BD08B5D0F886
:101E10008C325B689847002008BD00BF38B500F5DC
:101E200020750446284600F07DFB0122B4F8863276
:101E300094F88012C4E99B2301F01F03934209D058
:101E4000022B13D063B101F080012046F6F728FE83
:101E5000002038BD2946204600F092FA002038BD07
:101E60002946204600F00AF9002038BD29462046C0
:101E700000F0BAFA002038BD38B5054669B91346F6
:101E8000D0F86C22032A15D0052A0C460ED1C5F8CD
:101E90006C12F6F705FE204638BDD0F88C329B69EF
:101EA00033B190F87422032A02D19847002038BD3C
:101EB000022038BDD0E9531291420CD9891A8A42C6
:101EC000C0F84C1188BF8AB2194698BF92B200F090
:101ED00055FB002038BDD0F88C321B691BB190F83F
:101EE0007422032A04D0284600F052FB002038BD9B
:101EF0009847F8E770B5044661B9D0F86C32022B08
:101F000015D033F0040337D094F87832012B2ED05B
:101F1000002070BDD0F88C325B6933B190F8742228
:101F2000032A02D19847002070BD022070BDD0E97D
:101F300008630D469E4223D8C669B6FBF3F203FB45
:101F400012620AB9B34228D9D4F88C32DB681BB1CB
:101F500094F87422032A30D080212046F6F7A0FDA1
:101F6000204600F021FB94F87832012BD0D10023D9
:101F7000184684F8783270BD8021F6F791FDC3E7EA
:101F8000F31A114603629AB200F0EEFA2B462A4683
:101F900029462046F6F7D0FDB6E7D0F870329E42CB
:101FA000D2D20A4600F0E0FA2B462A4629462046BD
:101FB000C4F87052F6F7C0FDA6E720469847CBE775
:101FC00070B5002240260446012511463346F6F737
:101FD00055FD3346802100222046C4F84451C4F800
:101FE0005061F6F74BFD0021D4F89032A56166628E
:101FF00084F87452C4F86C126160C4F87C1223B186
:10200000D4F88C3220465B689847002070BD00BF32
:10201000034600201974704703460421002093F8FA
:10202000742283F8741283F87522704703460020E7
:1020300093F8752283F87422704700BF90F87422D9
:10204000032A01D00020704708B5D0F88C32DB6934
:1020500003B19847002008BD00207047002070475A
:1020600000207047D0F88C22012108B580F8741246
:10207000017953689847002008BD00BF30B50B7840
:1020800083B00D46044603F06003202B0DD0402B97
:102090000BD09BB180212046F6F702FD002120469F
:1020A000F6F7FEFC002003B030BDD4F88C32294690
:1020B00020469B689847002003B030BD4B78092B21
:1020C000E8D801A252F823F0232101084F2101088A
:1020D000952001086D21010895200108752101084E
:1020E000AD21010895200108DD210108F12001083A
:1020F0008978A24D01292970CCD890F87432022B2E
:1021000000F01281032B00F000818021F6F7C8FC5B
:1021100000212046F6F7C4FC29782046FFF776FE1A
:10212000C0E790F87432013B022BB3D8CB88022B66
:10213000B0D10122D0F87C32C2600BB10323C3605E
:10214000022204F10C01204600F000FAAAE790F800
:102150007432013B022B9DD84B88012BA2D1002366
:102160002046C4F87C3200F013FA9BE74B88012B21
:1021700098D1F5E78B88002B8CD1CB88002B89D1A7
:102180004D887F2D86D890F87432032B82D0E9B227
:1021900080F87612F6F7B4FC204600F0F9F9002D2D
:1021A00000F0E080022384F874327BE74A88130A47
:1021B000013B062B3FF66EAF01A151F823F000BFA3
:1021C00071220108592201084722010895200108BF
:1021D000952001083122010803220108CA88012A3A
:1021E0007FF458AF90F87432022B00F28780002BF6
:1021F0003FF450AF0146002341F8083F00F0A6F934
:1022000050E7037C002B7FF445AFD0F88C320DF102
:1022100006001B6B984707234370BDF80620002A71
:1022200067D0EB88002B5BD1204600F0B1F939E78D
:10223000037C002B7FF42EAFD0F88C320DF106001A
:102240005B6B9847E9E7D1B2052900F28F80DFE8A0
:1022500001F0271F17372F3F037C002B72D1D0F8D6
:102260008C320DF106009B6A984702234370D4E735
:10227000D0F888320DF10601007C1B689847CCE746
:10228000D0F888320DF10601007CDB689847C4E77E
:10229000D0F888320DF10601007C9B689847BCE7B6
:1022A000D0F888320DF10601007C5B689847B4E7EE
:1022B000D0F888320DF10601007C5B699847ACE7E5
:1022C000D0F888320DF10601007C1B699847A4E71D
:1022D000D0F888320DF10601007C9B6998479CE795
:1022E0009A420146204628BF1A46ADF8062000F063
:1022F0002DF9EB88002B7FF4D5AE95E7032B7FF407
:10230000C9AE011D00F022F9CCE621B341680129D4
:102310008AD0C9B2FFF77AFD297820466160FFF7BD
:102320006BFD022880D1B5E600293FF47DAF012185
:102330000323416080F87432FFF75EFD02287FF4CA
:1023400073AFA7E6D0F88C320DF10600DB6A984730
:102350000223437061E70223416080F87432FFF783
:1023600055FD61E7012384F874329BE6D0F88C3286
:102370000DF106029B6B98474FE700BFC0C60124D2
:1023800038B50B780D46044603F06002402A0AD0A7
:102390005B0608D58021F6F783FB00212046F6F77F
:1023A0007FFB002038BD94F87432013B022B11D81A
:1023B0002B79012B0ED8D4F88C32294620469B6805
:1023C0009847EB88002BECD10028EAD1204600F09A
:1023D000DFF8E6E780212046F6F762FB0021204681
:1023E000F6F75EFB002038BD38B50B78044603F0E5
:1023F0006003202B0CD0402B0AD083B180212046D3
:10240000F6F74EFB00212046F6F74AFB002038BDC8
:10241000D4F88C3220469B689847002038BD4B7812
:102420008A88012B5FFA82FC37D0032B23D0002B44
:10243000E4D190F87432022B4AD0032BDED10CF099
:102440000F03120603EB830300EB830351D4D3F88D
:102450004431002BD2D00CF07F03142505FB03057B
:1024600005F5A075002B4FD12B600222294620468E
:1024700000F06CF8CAE790F87432022B1DD0032BE1
:10248000BCD14B882BB91CF07F0F02D0CB88002B1E
:1024900043D0204600F07CF8B8E790F87432022B65
:1024A0000BD0032BAAD14B88002BAFD11CF07F0F90
:1024B000EFD06146F6F702FBEBE71CF07F0F9DD0F3
:1024C0006146F6F7EDFA80212046F6F7E9FA9DE736
:1024D0001CF07F0F92D111064FF000034FF0020263
:1024E0004CBF00F1140100F5A0710B6000F02EF854
:1024F0008CE79B69002B81D00CF07F035D1C05EB02
:10250000850500EB8505ADE761462046F6F7E4FA60
:1025100008B10123A8E72860A7E76146F6F7C0FAEB
:10252000B7E700BF0B7803704B784370CA788B789D
:1025300003EB022343804A790B7903EB0223838068
:10254000CA798B7903EB0223C380704710B5134619
:1025500002240A460021C0F86C42C0E90733F6F7AE
:10256000DDFA002010BD00BF8C46002108B51346DF
:102570006246F6F7D3FA002008BD00BF8C46002162
:1025800008B513466246F6F7D7FA002008BD00BF2B
:1025900008B504210023C0F86C121A461946F6F754
:1025A000BDFA002008BD00BF08B505210023C0F812
:1025B0006C121A461946F6F7BFFA002008BD00BF94
:1025C000D0F8C4230132C0F8C42302780B2A00D00B
:1025D0007047D0F87C33002BFAD09B69184700BFB6
:1025E000012380F823337047002380F8233370479A
:1025F000034600220121104683F8201383F821238B
:1026000083F82223704700BF38B501230025044614
:1026100080F8213380F8235380F82053F6F7B0FA7E
:102620002179204600F006F86179204600F002F892
:10263000284638BD0A2907D800EB8100D0F884333A
:10264000C3F30E03C0F884330020704730B52DED7E
:10265000028B83B0044601231546ADF804101730F1
:10266000BDF80410B0EE408A01806376F3F74EFDAA
:10267000B5FA85F3002200215B092575A16084ED80
:10268000048AA5756375C4E9002203B0BDEC028B12
:1026900030BD00BF20EE007ADFED067A27EE000A9B
:1026A00060EE277A80ED020AFCEEE77AC0ED017A4F
:1026B000704700BF00FF7F4790ED046AB7EE007AD5
:1026C000DFED0E5A0346D0ED036AC5EE867A77EE4B
:1026D000A67AF4EEC77AF1EE10FAC8BF77EEC77AA1
:1026E00090ED027AB4EEE77AC0ED037A1730F1EE9E
:1026F00010FACCBF597D997DF3F7F2BD0000F0428E
:102700000C4A82B00C4BD2F8DC1041F04001C2F808
:10271000DC10D2F8DC2002F040020192019A1A6823
:1027200022F020021A601A6842F004021A6002B015
:10273000704700BF004402580018024870B50023DB
:1027400004464FF4806204214FF440353448C4F805
:102750003821C4F8D410C4F83431C4F84C113149CC
:10276000C4F8B000C4F82811C4E92F32C4E93133E9
:10277000C4E93335C4E93733C4E94F33C4E95135CB
:10278000C4E95533A2680323C4F8D830C4F85031E3
:10279000042A0AD8DFE802F01F262D340300552250
:1027A0005623C4F8B420C4F82C310022402304F18D
:1027B000B005C4F8B8202846C4F83031F7F7DCFA81
:1027C00008B1FFBEFEE704F594763046F7F7D4FA79
:1027D000E8B1FFBEFEE725222623C4F8B420C4F8E2
:1027E0002C31E2E727222823C4F8B420C4F82C3186
:1027F000DBE73D223E23C4F8B420C4F82C31D4E7F3
:1028000053225423C4F8B420C4F82C31CDE704F18A
:102810002803C4E92865C4F8E830C4F8603170BD05
:1028200040040240580402402DE9F04F814683B035
:102830000E4617461D4600F12804204601F090FD83
:1028400001288246F9D14846FFF778FF80460028E4
:1028500035D1EFF31083019372B6DFF888B00C9B8B
:1028600099F90820DFF880A0DFF88090CBF80030DD
:102870000D9B89F80020CAF800300DB11846A84712
:10288000BAB23146204601F0E1F830B9019B03B9F4
:1028900062B6404603B0BDE8F08F0023CBF80030AD
:1028A000CAF80030FF2389F800300C9B8BB101215E
:1028B0000D9888469847019B002BEAD1E8E70C9BCE
:1028C00053B1D0460D9851469847404603B0BDE8F5
:1028D000F08F4FF00108D9E7D046404603B0BDE87D
:1028E000F08F00BFE4D00124ECD00124E8D0012413
:1028F0002DE9F04F814683B00E4617461D4600F184
:102900002804204601F02CFD01288246F9D14846D2
:10291000FFF714FF8046002835D1EFF310830193B1
:1029200072B6DFF888B00C9B99F90820DFF880A018
:10293000DFF88090CBF800300D9B89F80020CAF8B2
:1029400000300DB11846A847BAB23146204601F012
:1029500041FA30B9019B03B962B6404603B0BDE805
:10296000F08F0023CBF80030CAF80030FF2389F83D
:1029700000300C9B8BB101210D9888469847019B34
:10298000002BEAD1E8E70C9B53B1D0460D98514695
:102990009847404603B0BDE8F08F4FF00108D9E7F3
:1029A000D046404603B0BDE8F08F00BFE4D001241C
:1029B000ECD00124E8D001242DE9F04F814683B00A
:1029C0000F461646984600F12804204601F0C8FC40
:1029D0000128FAD182464846FFF7B0FE0546002896
:1029E00038D1EFF31083019372B699F90830DFF80C
:1029F0008890DFF888B089F800300D9BDFF880A060
:102A0000CBF800300E9BCAF800300C9B0BB10E982F
:102A100098471FFA88F33A463146204601F0CEF82F
:102A200030B9019B03B962B6284603B0BDE8F08F08
:102A30000023CBF80030CAF80030FF2389F80030BB
:102A40000D9B8BB101210E980D469847019B002BE1
:102A5000EAD1E8E70D9B4BB155460E985146984791
:102A6000284603B0BDE8F08F0125DAE75546284631
:102A700003B0BDE8F08F00BFE8D00124E4D001240A
:102A8000ECD001242DE9F043002387B00222044654
:102A900005690493CDE90223D0E902128E00FAB150
:102AA000022D7AD02178B5FA85F54FF00108276A12
:102AB0000B294FEA551521D1A2780B2A02D0B8F183
:102AC000000F38D123790B2B01D0002D6CD1A379C5
:102AD00017B10B2B40F09980002007B0BDE8F083C0
:102AE00035F002032178276A0CBF4FF001084FF040
:102AF0000008023D18BF01250B29DDD07D4B94F85D
:102B000001C053F8262010780B2802D0884200F02C
:102B1000AD80D378D01C994202D10B2B40F0BD8000
:102B20009379901D8B4202D10B2B40F0BC80012089
:102B300007B0BDE8F083711C6E4BE07853F821308C
:102B400019780B2902D08A4200F0B580D97803F1B8
:102B5000030C0B2902D08A4200F0BB80997903F163
:102B6000060C0B29E3D08A42E1D1DB798342DED126
:102B7000634604F102099B7848460593F6F71EF870
:102B800080464846F6F722F801A901904046F7F73B
:102B9000BDFF23790B2B98D199E70178076A0B29A0
:102BA00040F0868001258DE7B11C524A607952F8C9
:102BB000212011780B2902D08B4200F08180D1783E
:102BC000D51C0B2902D08B4200F08D809179951D88
:102BD0008B42ACD10B29AAD0D3798342A7D12A4604
:102BE000251D937828460593F5F7E8FF0346284608
:102BF0001D46F5F7EBFF01A901902846F7F786FF80
:102C0000A379002F7FF465AF66E7F11C394AE079BC
:102C100052F8212011780B2901D08B425FD0D17856
:102C2000D51C0B2901D08B424FD09179951D8B4239
:102C30007FF47DAF0B293FF47AAFD37983427FF4E1
:102C400076AF2A46A51D937828460593F5F7B6FF7B
:102C500004462846F5F7BAFF034601A9204601932A
:102C6000F7F754FF002007B0BDE8F08353786345C1
:102C70007FF44FAF937820460593F5F79FFF814689
:102C80002046F5F7A3FF01A901904846F7F73EFF5C
:102C9000A2780B2A7FF413AF14E7137963457FF40E
:102CA0003FAF0246E6E7D37963457FF440AFF8E7EC
:102CB0009846012522E7597881427FF447AF58E7CB
:102CC000517881427FF47BAF8AE711798142ACD1A0
:102CD000B7E7197981427FF441AF634649E75178FC
:102CE00081429CD1AEE7117981427FF46FAF2A46D1
:102CF00076E700BF784D0108654A0368934200F00B
:102D0000B980A2F57842934200F0B68002F5806265
:102D1000934200F0B38002F57842934200F0B08015
:102D200002F5E052934200F0AD805A4A934240F0DF
:102D3000AB8005234FF4D071574A01FB03F310B564
:102D4000D418D05C86B0F5F749FFA078F5F746FFB8
:102D50002079F5F743FFA079F5F740FFA368052B2D
:102D600011D8DFE803F0192F455B71034B4BD3F803
:102D7000F42042F02002C3F8F420D3F8F43003F03A
:102D800020030593059B2046FFF77CFE012801D018
:102D900006B010BDFFBEFEE7404B00222320D3F853
:102DA000F01041F48051C3F8F0101146D3F8F03020
:102DB00003F480530093009BF6F72CFE2320F6F7D4
:102DC00067FEE0E7354B00222420D3F8E81041F4F9
:102DD0008041C3F8E8101146D3F8E83003F480438B
:102DE0000193019BF6F716FE2420F6F751FECAE781
:102DF0002A4B00223320D3F8E81041F40041C3F8F5
:102E0000E8101146D3F8E83003F400430293029B24
:102E1000F6F700FE3320F6F73BFEB4E71F4B002227
:102E20005420D3F8F01041F40051C3F8F0101146CB
:102E3000D3F8F03003F400530393039BF6F7EAFD55
:102E40005420F6F725FE9EE7144B00225520D3F8B8
:102E5000F01041F48011C3F8F0101146D3F8F030AF
:102E600003F480130493049BF6F7D4FD5520F6F782
:102E70000FFE88E700235DE701235BE7022359E7A4
:102E8000032357E7042355E700231B78FFDE00BF29
:102E90000030014000140058C4C601240044025808
:102EA0002DE9F043002289B01B4B01210DF1040CE8
:102EB0009E461A4B0791E146E04667460EF11C0616
:102EC0000EF138050EF15404CDE90122CDE90322BB
:102ED000CDE90522FF221A70BCE80F00AEE80F0012
:102EE0009CE807008EE80700B9E80F000FC69CE8D1
:102EF000070086E80700B8E80F000FC59CE8070048
:102F000085E807000FCF0FC49CE8070084E807009E
:102F100009B0BDE8F08300BF0C030024E8D0012411
:102F2000014801F0F1B800BFECC60124014801F0EE
:102F3000EBB800BF8CC80124014801F0E5B800BF20
:102F40002CCA0124014801F0DFB800BFCCCB01241A
:102F5000014801F0D9B800BF6CCD012410B5EFF3E2
:102F6000108472B6084B1A78120602D504B962B6FC
:102F700010BD1B784FF4D07204485BB202FB030013
:102F8000B030F7F771FAF1E7E8D00124C4C60124A4
:102F900010B5EFF3108472B6094B1A78120602D5F9
:102FA00004B962B610BD1B784FF4D07205485BB20D
:102FB00002FB030000F59470F7F756FAF0E700BF44
:102FC000E8D00124C4C601242DE9F04184B0EFF318
:102FD000108772B6284AFF21284C1368217023B14C
:102FE00000211160264A1068984723781B061CD5DB
:102FF000DFF894800025234E4446216879B1626849
:103000006AB1A369012B22D0A3B963693046019349
:1030100023690093E3682289FFF76AFC18B301353E
:103020001C3406F5D076042DE7D107B962B604B09A
:10303000BDE8F081D4E90430CDE90130E0682389AE
:1030400000903046FFF7B8FC0028E8D10BE0D4E947
:1030500004301146CDE900303046E3682289FFF79D
:10306000E3FB0028DBD1C5EBC50508EB850348F879
:1030700025005860D9E700BFE4D00124E8D001243E
:10308000ECD00124C4C601240C0300242DE9F04136
:1030900084B0EFF3108772B6284AFF21284C1368DA
:1030A000217023B100211160264A106898472378C7
:1030B0001B061CD5DFF894800025234E444621686A
:1030C00079B162686AB1A369012B22D0A3B963699F
:1030D0003046019323690093E3682289FFF708FCD7
:1030E00018B301351C3406F5D076042DE7D107B9A5
:1030F00062B604B0BDE8F081D4E90430CDE9013016
:10310000E068238900903046FFF756FC0028E8D19C
:103110000BE0D4E904301146CDE900303046E368D5
:103120002289FFF781FB0028DBD1C5EBC50508EB41
:10313000850348F825005860D9E700BFE4D0012492
:10314000E8D00124ECD00124C4C601240C030024DF
:103150002DE9F04184B0EFF3108772B6284AFF21C1
:10316000284C1368217023B100211160264A106891
:10317000984723781B061CD5DFF894800025234E42
:103180004446216879B162686AB1A369012B22D0F3
:10319000A3B963693046019323690093E3682289E8
:1031A000FFF7A6FB18B301351C3406F5D076042DC5
:1031B000E7D107B962B604B0BDE8F081D4E90430C4
:1031C000CDE90130E068238900903046FFF7F4FB39
:1031D0000028E8D10BE0D4E904301146CDE90030F5
:1031E0003046E3682289FFF71FFB0028DBD1C5EBDF
:1031F000C50508EB850348F825005860D9E700BFEE
:10320000E4D00124E8D00124ECD00124C4C6012478
:103210000C0300242DE9F04184B0EFF3108772B65F
:1032200000F066FB284A294CFF21136821702BB15E
:10323000002111600121264A1068984723781B0657
:103240001CD5DFF894800025224E4446216879B1D0
:1032500062686AB1A369012B22D0A3B963693046C1
:10326000019323690093E3682289FFF741FB18B3B8
:1032700001351C3406F5D076042DE7D107B962B6C6
:1032800004B0BDE8F081D4E90430CDE90130E06854
:10329000238900903046FFF78FFB0028E8D10BE030
:1032A000D4E904301146CDE900303046E368228984
:1032B000FFF7BAFA0028DBD1C5EBC50508EB85039B
:1032C00048F825005860D9E7E4D00124E8D001246B
:1032D000ECD00124C4C601240C03002430B4544BA8
:1032E000002108220220534CD9615862C3F8BC1156
:1032F000C3F8C401C3F85C13C3F86403C3F8F4242F
:10330000C3F8F814C3F8FC14C3F80405C3F89426F2
:10331000C3F89816C3F89C16C3F8A406C3F834285B
:10332000C3F83818C3F83C18C3F84408424D434862
:10333000C3E90521C3E96D21C3E9D5212288A3781A
:103340003F49EA80CA800B723E492B72CA800B72D9
:103350002168A0F803204371C28003723A4C3B48B5
:10336000E2802372A0F80320394C4371C2800372BB
:103370003848E2802372A0F80320374C4371C280A2
:103380000372080C2180A070A4F803206371E2800E
:103390002372324C324D2180A070A4F80320637157
:1033A000E28023722F4CEA8021802B72A070A4F857
:1033B00003206371E28023722B4C2180A070A4F85B
:1033C00003206371E2802372284C2180A070A4F84E
:1033D00003206371E2802372254C2180A070A4F841
:1033E00003206371E2802372224C2180A070A4F834
:1033F00003206371E28023721F4C21801F49A0705B
:10340000A4F803201E486371E2802372A1F8032010
:103410001C4C4B71CA800B721B49E2802372C28024
:103420000372A1F803204B71CA800B7230BC704745
:10343000C4C60124744D010894020024B80200247B
:10344000880200244C020024A0020024DC02002494
:10345000C402002464020024B4D001249CD00124BE
:10346000D0020024A8D0012484D00124D8D0012483
:10347000C0D00124CCD0012490D00124000300242A
:10348000F4020024E802002470020024714A036858
:1034900011698B4200B587B04BD0916E8B4200F022
:1034A000B680D2F8C0108B4200F0B380D2F8181169
:1034B0008B4200F0B080B3F1804F1ED0664A934239
:1034C0000DD0664A934200F0A880654A934200F00E
:1034D000B280644A93421ED007B05DF804FB624B91
:1034E000D3F8E82042F00202C3F8E820D3F8E8302D
:1034F00003F002030293029BEEE75B4BD3F8E82054
:1035000042F00102C3F8E820D3F8E83003F00103E9
:103510000193019BE0E7544BD3F8E82042F01002FE
:10352000C3F8E820D3F8E83003F010030593059BB7
:10353000D2E700205821B3F1804F01FB0022127B1B
:103540001ED045498B4235D044498B4248D044492E
:103550008B42BED1444BD3F8E81041F00801C3F8C8
:10356000E810D3F8E83003F008030493049B002A22
:10357000B2D0322000220F21F6F74CFA322014E0AC
:10358000394BD3F8E81041F00101C3F8E810D3F843
:10359000E83003F001030193019B002A9CD01C201A
:1035A00000220F21F6F736FA1C2007B05DF804EB75
:1035B000F6F76EBA2C4BD3F8E81041F00201C3F8CD
:1035C000E810D3F8E83003F002030293029B002ACC
:1035D00082D01D2000220F21F6F71CFA1D20E4E7FF
:1035E000214BD3F8E81041F00401C3F8E810D3F8F8
:1035F000E83003F004030393039B002A3FF46CAF0D
:103600001E2000220F21F6F705FA1E20CDE701202B
:1036100090E702208EE703208CE7134BD3F8E820D5
:1036200042F00402C3F8E820D3F8E83003F00403C2
:103630000393039B50E70C4BD3F8E82042F00802B9
:10364000C3F8E820D3F8E83003F008030493049BA0
:1036500042E700BFF0D00124000400400008004011
:10366000000C004000100040004402580F4B02685C
:1036700019698A420BD0996E8A4211D0D3F8C010D2
:103680008A420FD0D3F818118A420DD0704700211A
:10369000582202FB01331A6D002AF7D0586D1047EB
:1036A0000121F5E70221F3E70321F1E7F0D001243E
:1036B000014800F0EFBF00BF00D10124014800F035
:1036C000E9BF00BF58D10124014800F0E3BF00BFAB
:1036D000B0D10124014800F0DDBF00BF08D20124B1
:1036E000F0B54FF0580C0F682E4D8DB00CFB07FC59
:1036F000032F05EB0C06066047DC0B4608683446D2
:1037000049689A6807C41B7B237004AC7268264B17
:10371000002A4FF00002726118BF1022B2610FCB75
:1037200084E80F000CAB03EB870353F8203CB3F1A4
:10373000804F336124D01D4A934221D030890CF14F
:10374000100458230021802203FB07532C44C3E9B3
:1037500007019A62204600F007FE034600B1FEE72B
:103760004FF4805208A92046099301930892CDE9AD
:103770000A33CDE9023300F0C7FE034640B1FEE74D
:10378000582303FB07539868D9E701200DB0F0BD1B
:1037900001A920460193039301F034F80028F5D0E5
:1037A000FEE700BFF0D001249C4B0108000C004054
:1037B000006808B5037B10302BB100F08FFE003895
:1037C00018BF012008BD00F06FFE003818BF0120AF
:1037D00008BD00BF0C4B00224FF0FF311A739960F7
:1037E000196683F86420C3F8B81083F8BC20C3F8C6
:1037F000101183F81421C3E90022C3E91622C3E99A
:103800002C22C3E942227047F0D00124034688B13C
:1038100090F83D20022A03D0802201209A6670474A
:1038200002680421002083F83D10D36823F00103CF
:10383000D36070470120704703682C495A6910B45F
:103840009C6944F008049C619C6944F010049C61EC
:103850001C6824F001041C601C69214019619968EE
:1038600021F44041996090F88110042901D091061B
:1038700030D490F88110032901D054061FD491054B
:1038800009D5D0F8841041F00101C0F8841099697D
:1038900041F400719961D20509D5D0F8842042F035
:1038A0000802C0F884209A6942F480729A61002369
:1038B0005DF8044BA0F86230A0F86A307047D0F889
:1038C000841041F00401C0F88410996941F040016E
:1038D0009961D4E7D0F8841041F08001C0F88410D9
:1038E000996941F020019961C3E700BF90FCFFFF97
:1038F000002800F0A48002680021F8B5514B04466E
:1039000081629A4216D0A3F578439A4212D003F509
:103910008063C0689A4200F08A800F2808D8E16B63
:1039200000F108034D09DB0805FB0333082B15D90B
:103930000120F8BDE068E16B00F10803414E4D093C
:10394000DB0805FB0333404DAA4218BFB24203D047
:1039500005F58065AA4201D1102BE9D894F8813091
:1039600003F0FF05002B58D0002702236568A66BE3
:1039700084F88130136823F001031360A369B3F165
:10398000806F3ED03943676B3B43676A3B4327698F
:103990003B4367693B43276A3B43E76C3B43A7686C
:1039A0003B43A76C3B43A76D3B432B433343E66943
:1039B000314308439060D360B5B9936823F4C05392
:1039C00043F400639360936823F4C06343F480631B
:1039D0009360136D23F00103136500200123C4F8E5
:1039E000840084F88130F8BD136D23F00103136562
:1039F0006B02F2D5D368616D23F000430B43D360B3
:103A0000EBE7B5F5800FBDD1002EBBD1D2F800C0D9
:103A10004CF4805CC2F800C0B4E7204684F88050C3
:103A2000FFF76AF92268A76AE16BE0689DE7E16B3E
:103A300000F108034D09DB0805FB03338CE7012087
:103A4000704700BF0030014000380040F8B590F8E2
:103A50008030012B00F08C8090F8813015460122D7
:103A60000446DEB2934280F880206AD1002963D0F8
:103A7000B5FA85F35B09002D5ED003224366A0F8FA
:103A8000683080F88120C0F88430A0F86250A0F837
:103A90006A30C165A0F86050C0E91C338368B3F593
:103AA000C02F04D10268136843F400631360E36815
:103AB000A06F0F2B4BD98369B3F5804F3CD122689F
:103AC0003A4B3B4F2032036452F8183CC763394FDE
:103AD00023F40043C7640027076542F8183CB4F894
:103AE00062309BB2F6F706FB002844D1A36F324A3E
:103AF000DB69B3F5807F2368596802EA010218BFC9
:103B00002A435A609A68616842F40042B1F5800F16
:103B10009A601A6942F448721A611A6842F0010206
:103B20001A6003D11A6842F400721A6000231E461C
:103B300084F880303046F8BD002384F88030304669
:103B4000F8BD0023022680F880303046F8BD072BF0
:103B500083691AD8B3F5005F20D0B3F5804FAED19A
:103B6000B4F862309BB203339B08A4F86230A6E736
:103B700002263046F8BDD4F88430012243F0100309
:103B8000C4F8843084F88120D9E7B3F5804F05D09C
:103B9000B3F5005FD0D1B3F5804F90D1B4F8623067
:103BA0009BB201335B08A4F8623088E70540010846
:103BB000893F0108314001080000FFFF70B51D4634
:103BC00090F88030012B00F0B9800123044680F882
:103BD000803090F881304068DBB2B0F5800F7DD046
:103BE000012B40F08580002D18BF002A71D00029DC
:103BF0006FD094F88130042B02D0052384F88130F3
:103C00000023E1652168C4F88430A4F86250A4F868
:103C10006A50A4F860506266A4F86850C4E91C3386
:103C20008B6823F440438B60E3680F2B65D9E06F0A
:103C30008369B3F5804F4CD194F88130042B00F0A8
:103C40008A805E4B03645E4BC3635E4E3031B4F8D2
:103C50006A30C66400269BB20665F6F74BFA002868
:103C60006ED12268A16F9368203243F4804342F8FA
:103C7000183CB4F86230C1E90F00C1E913009BB2EF
:103C80000846E16DF6F736FA002859D1A36FDB69D3
:103C9000B3F5807F236863D059684B4A0A402A43B2
:103CA0005A609A68616842F40042B1F5800F9A60E8
:103CB0001A6942F458721A611A6842F001021A60D5
:103CC00003D11A6842F400721A60002384F880302D
:103CD00070BD0023012084F8803070BDA0680028EA
:103CE0007FF47EAF042B3FF47EAF012B3FF47BAF1C
:103CF0000023022084F8803070BD072B35D8A36FD5
:103D00009B69B3F5005F50D0B3F5804F06D1B4F88E
:103D100062309BB203339B08A4F86230E06F836982
:103D2000B3F5005F39D0B3F5804F85D1B4F86A3070
:103D30009BB203339B08A4F86A307DE7022070BD74
:103D4000D4F88430012243F010031046C4F88430C4
:103D500084F8812070BD1D4B03641D4BC36374E761
:103D60005968194A0A405A609BE7E06F8369B3F5C6
:103D7000005F02D0B3F5804FABD1A66FB669B6F540
:103D8000804F06D1B4F86260B6B201367608A4F866
:103D90006260B3F5804F7FF44FAFB4F86A309BB2E6
:103DA00001335B08A4F86A3046E7B4F862309BB28E
:103DB00001335B08A4F86230B0E700BF254001087A
:103DC000D93F0108314001080000FFFF15400108FC
:103DD000B13F01082DE9F0411546826804460E46C0
:103DE00022B94368B3F5800F00F0958094F88030D5
:103DF000012B00F09980012384F8803094F8813001
:103E0000012BDFB269D1002E61D0B5FA85F35B09D1
:103E1000002D5CD00421B2F5C02F666684F88110B5
:103E2000A4F86850C4F88430A4F86030A4F86A504C
:103E3000A4F86230C4E91C3304D12268136823F467
:103E400000631360E3680F2B4ED9E06F8369B3F50D
:103E5000804F3CD121688B6823F480438B603246CD
:103E6000454EB4F86A3030310664444E9BB2C663A6
:103E7000434EC66400260665F6F73CF9002857D184
:103E8000E36F404ADB69B3F5807F2368596802EA33
:103E9000010218BF2A435A609A68616842F480425E
:103EA000B1F5800F9A601A6942F450721A611A686B
:103EB00042F001021A6003D11A6842F400721A60DB
:103EC00000231F4684F880303846BDE8F081002387
:103ED00084F880303846BDE8F0810023022784F85A
:103EE00080303846BDE8F081072B2BD82168E06F81
:103EF0008B6823F480438B608369B3F5005F32D015
:103F0000B3F5804FABD1B4F86A309BB203339B0852
:103F1000A4F86A30A3E72B4604250A4680F88150AE
:103F2000BDE8F041FFF74ABE02273846BDE8F08100
:103F3000D4F88430012243F01003C4F8843084F8AC
:103F40008120C7E7E06F8269B2F5804F02D0B2F5F9
:103F5000005FBCD12168B2F5804F8B6823F48043A9
:103F60008B607FF47CAFB4F86A309BB201335B089E
:103F7000A4F86A3073E700BF15400108B13F01089B
:103F8000314001080000FFFF806B08B590F88130D8
:103F9000072B09D0836FDB69B3F5807F05D00268FA
:103FA000136943F00803136108BDFFF70DF808BD5E
:103FB000806B08B590F88130072B09D0C36FDB699F
:103FC000B3F5807F05D00268136943F008031361DD
:103FD00008BDFFF75BF808BD806B08B590F881302D
:103FE000072B09D0836FDB69B3F5807F05D00268AA
:103FF000136943F00803136108BDFFF7A9F808BD72
:10400000704700BF806B08B5FFF7FAFF08BD00BF1F
:10401000704700BF806B08B5FFF7FAFF08BD00BF0F
:10402000704700BF806B08B5FFF7FAFF08BD00BFFF
:1040300010B5846BF6F768FD022800D110BD236827
:1040400030495A69986940F008009861986940F0D1
:1040500010009861186820F001001860186901408C
:104060001961996821F44041996094F881100429FC
:1040700001D091063AD494F88110032901D050065A
:1040800029D4910509D5D4F8841041F00101C4F870
:104090008410996941F400719961D20509D5D4F869
:1040A000842042F00802C4F884209A6942F48072A5
:1040B0009A61002301222046A4F86230A4F86A30F5
:1040C000D4F8843043F01003C4F8843084F881209D
:1040D000FFF7A0F810BDD4F8841041F00401C4F833
:1040E0008410996941F040019961CAE7D4F88410BD
:1040F00041F08001C4F88410996941F02001996170
:10410000B9E700BF90FCFFFF036819695A692DE900
:10411000F04101EA02059F68044690F8816005F0CD
:10412000640CBCF1040F2FD005F04500012834D0F9
:1041300005F02600022800F0DF80280770D59A6974
:1041400017F4404FF6B242F008029A619A6942F0C1
:1041500010029A619A6942F400629A611A6922F027
:1041600008021A6123D0042E00F0DE80A26FD2690B
:10417000EAB1032E50D0E26FD269C2B1052E14D13C
:104180002046FEF7E5FF10E0436F9847236F204677
:10419000984705F04503012B02D1236F204698472D
:1041A00005F02605022D00F0A780BDE8F0819A6891
:1041B00012F4404F1FD1B4F86A2092B2DAB1626EA5
:1041C0000EE01B6B42F8043B6266B4F86A30013BB8
:1041D0009BB2A4F86A30B4F86A309BB25BB1236832
:1041E000E1680F29EDD8072940F292801B8E22F852
:1041F000023B6266E9E72046FFF71EFB012384F8D5
:104200008130D4F88430002B7FD1052EB8D0042E15
:1042100000F08F80032EC8D12046FEF7D5FEC4E7FC
:10422000100501D50A077AD415F4587FBDD06E0663
:1042300009D5D4F8842042F00402C4F884209A6995
:1042400042F040029A61A80509D5D4F8842042F0D2
:104250000102C4F884209A6942F400729A61E90567
:1042600009D5D4F8842042F00802C4F884209A6961
:1042700042F480729A61AA0609D5D4F8842042F0EB
:104280008002C4F884209A6942F020029A61D4F82E
:104290008420002A89D0196807F44047274A21F072
:1042A0000101B7F5404F1960196902EA01021A616C
:1042B00027D19A68E06F22F440429A6050B1204BB7
:1042C0000365F6F737F828B1D4F8843043F040039B
:1042D000C4F88430A06F00283FF467AF184B036523
:1042E000F6F728F800283FF460AFD4F8843043F0A4
:1042F0004003C4F8843058E7636F2046BDE8F041BE
:1043000018470123204684F88130FEF783FF4CE7ED
:1043100093F830301370626E0132626655E79A6925
:1043200042F400629A6140E7E26FD269002A3FF4EA
:104330003EAF2046FEF7AAFE37E700BF94FCFFFF22
:104340004543010808B5806B00230122A0F86A30BC
:10435000A0F8623080F88120FEF75CFF08BD00BF46
:1043600090F88100704700BF002800F08F8038B5BA
:1043700090F83D30044603F0FF02002B60D0226825
:1043800002234349B2F1804F84F83D30A2EB010192
:104390001368B1FA81F14FEA511127D031BB3D4882
:1043A0003D4D824251D000F5806082424DD0551B78
:1043B00000F58060B5FA85F582424FEA55154DD07B
:1043C000002D4BD1354836498A4218BF82424FD022
:1043D00001F580618A424BD0A06923F08003E16837
:1043E000034313606368D162936223E02A4D23F094
:1043F0007003A068551B0343B5FA85F56D09206964
:1044000023F440730343A06923F080030343136044
:10441000E368D3626368936251B94DB91F49204B79
:104420009A4218BF8A4203D003F580639A4201D1B1
:104430006369136301230020536184F83D3038BD64
:1044400080F83C20FFF722F899E7551B23F0700312
:10445000A068B5FA85F503436D09D0E7A06823F09D
:10446000700303430F488242C9D0002DC7D1A9E78A
:10447000206923F44073A1690343E06823F08003BB
:104480000B4361681360D0629162C7E701207047F7
:1044900000000140000400400004014000400140D1
:1044A00000440140000C00404FF0020C01680A4A31
:1044B000034680F83DC088680240062A06D0B2F55F
:1044C000803F03D00A6842F001020A600122002006
:1044D00083F83D20704700BF070001000368094AC8
:1044E000D96841F00101D96099680A40062A06D0CE
:1044F000B2F5803F03D01A6842F001021A60002032
:10450000704700BF0700010090F83C30012B7DD0C0
:1045100002460223006830B4012482F83D3082F85C
:104520003C40544C83681C400B68602B84606FD007
:104530001DD9B3F5005F59D042D94F498B4206D0FF
:1045400038D94E498B4202D010318B4206D1846853
:104550004B4921400B4343F00703836000230121B3
:10456000184682F83D1082F83C3030BC7047402B32
:1045700067D019D9502BF1D1036A4C68CD6823F06C
:104580000A03016A1C433E4B21F00101016281696B
:1045900021F0F00141EA05118161046281680B405C
:1045A00043F057038360D9E7202BD0D01AD9302BA2
:1045B000D4D1CCE723F01001B1F5801FCED1C6E7EE
:1045C000702BCBD18468D1E901532B43CD6824F4FF
:1045D0007F4143EA05230B438360836843F07703FD
:1045E0008360BBE733F01001B8D1B0E7D1E90153E4
:1045F00084682B43CD6824F47F4143EA05230B43B1
:104600008360836843F480438360A7E70220704798
:10461000046A4D6824F01004C9680462836923F4B5
:10462000704343EA0133016A21F0A0018361144B16
:1046300041EA0511016281680B4043F06703836022
:104640008CE7036A4C68CD6823F00A03016A1C43B7
:104650000B4B21F001010162816921F0F00141EA77
:1046600005118161046281680B4043F04703836058
:1046700074E700BF8800CEFF20001000300010005B
:104680008FFFCFFF704700BF704700BF704700BF6C
:10469000704700BF03681A69910710B5044602D538
:1046A000DA68920768D41A69520702D5DA685007A7
:1046B0004FD41A69110702D5DA68120737D41A697C
:1046C000D00602D5DA68D1061ED41A69D20702D5FF
:1046D000DA68D00769D41A69110602D5DA681206B9
:1046E0006BD41A69D00502D5DA6811066DD41A693F
:1046F000520602D5DA6850066FD41A69910602D5BF
:10470000DA68920649D410BD6FF0100108222046E5
:1047100019612277DB6913F4407F6FD1FFF7B2FF95
:104720002046FFF7B3FF002223682277CDE76FF022
:1047300008010422204619612277DB699B075AD1C0
:10474000FFF7A0FF2046FFF7A1FF00222368227792
:10475000B5E76FF0040102222046196122779B69B8
:1047600013F4407F44D1FFF78DFF2046FFF78EFF03
:104770000022236822779CE76FF002010122196171
:1047800002779B69990730D1FFF77CFF2046FFF73E
:104790007DFF00222368227785E76FF02002204604
:1047A0001A61BDE8104000F05FB86FF001022046CA
:1047B0001A61FEF75BFF23688DE76FF080022046E9
:1047C0001A6100F053F823688BE76FF4807220467B
:1047D0001A6100F04DF8236889E76FF04002204627
:1047E0001A61FFF755FF236887E7FFF74DFFD0E712
:1047F000FFF74AFFBCE7FFF747FFA6E7FFF744FFD5
:1048000091E700BF90F83C20012A28D003460068B9
:10481000022230B4134D83F83D20A84242688468D8
:1048200018D005F58065A84214D024F0800C22F041
:1048300070020C688968224300244CEA01014FF0A1
:10484000010C42608160204683F83DC083F83C4003
:1048500030BC704722F470024D682A43E5E702201D
:10486000704700BF00000140704700BF704700BFA5
:10487000704700BF0B460146184600F027B90000FC
:1048800010EE103A40F22A41C3F30A528A42B7EEC0
:10489000C03A32D8B7EE000B2D4B93ED4A2B93ED77
:1048A000481BB0EE417BA2EE037B17EE100A37EEF9
:1048B000417B00F01F0203EBC20130B492EE037B98
:1048C00093ED4C4B53F832404D6893ED4E6B93EDA6
:1048D000505BA4EE076B27EE074B00210A1905EB8E
:1048E000C033A5EE070B43EC172BA6EE040B30BC30
:1048F00020EE070BB7EEC00B704713F5000F20D06A
:10490000B2F5FF6F1AD2DFED137AB4EEE70AF1EEDB
:1049100010FA10DCDFED107AB4EEE70AF1EE10FACF
:1049200012D4DFED0E7AB4EEE70AF1EE10FAB1D54B
:10493000002000F09DB8002000F0A0B830EE000A82
:1049400070479FED070A7047002000F08BB800BF4A
:10495000D84D01081772B142B4F1CFC2CF8ECEC28A
:104960000000000010EE103AB3F17E5F10EE101A56
:1049700038D0A3F50002B2F1FE4F36D2BFEE000BE5
:1049800001F14042264B02F54D02C2F3C34003EB56
:10499000001093ED404B93ED445B93ED467B93ED1C
:1049A000426BD30DDB0590ED002BCB1A03EE903A52
:1049B00090ED021BD215B7EEE33AA2EE030B03EE25
:1049C000902A20EE002BA5EE007BB8EEE33BA6EE8E
:1049D000027BA3EE041B30EE010BA2EE070BB7EE39
:1049E000C00B70479FED0F0A70475A0014D0B3F107
:1049F000FF4F14D0002B0BDBB2F17F4F08D2DFED5D
:104A00000A7A60EE277A17EE903AA3F13861B5E79B
:104A100000EE103A00F04AB8012000F035B87047B7
:104A2000204F0108000000000000004B10B582B0CC
:104A30008DED010A044600F057F89DED010A04606F
:104A400002B010BD30B1F1EE407A27EE800A22208C
:104A5000FFF7ECBFF0EE407A27EE800A2220FFF746
:104A6000E5BF00BF9FED010AFFF7ECBF000000109B
:104A70009FED010AFFF7E6BF0000201A9FED010A33
:104A8000FFF7E0BF000000709FED070AFFEE007A1D
:104A9000B7EE007A00284FF0220047FE277A87EE13
:104AA000800AFFF7C3BF00BF0000000070EE407A2D
:104AB000B4EE400A87EEA77AF1EE10FAB0EE470A9C
:104AC00002D62120FFF7B2BF704700BF10B5054CDA
:104AD00013462CB10A4601460220AFF3008010BDF8
:104AE0002046FCE700000000014B1868704700BF3B
:104AF0007C03002470B50D4D0D4C641BA4100026E2
:104B0000A64209D10B4D0C4C00F0CAFA641BA4104C
:104B10000026A64205D170BD55F8043B98470136E2
:104B2000EEE755F8043B98470136F2E7C05001081C
:104B3000C0500108C0500108E45001080A449142E5
:104B400000F1FF3300D1704710B511F8014B03F8A5
:104B5000014F9142F9D110BD02440346934200D166
:104B6000704703F8011BF9E7010700000106000088
:104B70000054004000580040005C0040001C0058F9
:104B8000250026002700340035004700520053005E
:104B90008E00000001010103070100000000004039
:104BA0000004004000080040000C00400600000027
:104BB0000C000000120000001800000000010000BE
:104BC000060100000C0100001201000018010000A5
:104BD00000020000060200000C02000012020000A9
:104BE000180200000003000006030000000203009A
:104BF0000000000001000000000000000000FA4575
:104C000000007A460000FA4600803B470080BB4720
:104C1000001001400044004000480040004C0040AB
:104C2000005000400014014000780040007C00402B
:104C3000000C005800000000000400000006000006
:104C40000010000000000000003000000020000004
:104C50000000001000000000001000000000000034
:104C6000010203040102030406070809000201020D
:104C7000000201020000803F000000000000000070
:104C8000000000000000803F000000000000000065
:104C9000000000000000803F0000803F0000803FD7
:104CA0000000803F0000803E000000000000803FC8
:104CB000000000000000803E0000403F0000803FF8
:104CC000C3F5A83E00000000000000000000000046
:104CD0000000000001000200040008001000200095
:104CE00040008000000100020004000800100020C5
:104CF00000400080000002580004025800080258DA
:104D0000000C0258001002580014025800180258F3
:104D1000001C0258002002580024025800280258A3
:104D200000000000000610160006101601808080AA
:104D30008080808004808080808080800880808067
:104D40008080808010808080808080802080808033
:104D50008080808040000000000408102040000097
:104D600002040810204000000804020408010101A8
:104D7000000000000B00FF00940200247C020024CD
:104D8000880200244C020024B8020024A00200245F
:104D9000AC02002458020024DC020024C4020024D7
:104DA000D002002464020024B4D001249CD0012449
:104DB000A8D0012484D00124D8D00124C0D001245B
:104DC000CCD0012490D0012400030024E802002468
:104DD000F402002470020024000000000000F03FF4
:104DE000748515D3B0D9EF3F0F89F96C58B5EF3FF3
:104DF000515B12D00193EF3F7B517D3CB872EF3F86
:104E0000AAB968318754EF3F3862756E7A38EF3F40
:104E1000E1DE1FF59D1EEF3F15B7310AFE06EF3F9D
:104E2000CBA93A37A7F1EE3F2234124CA6DEEE3F73
:104E30002D89616008CEEE3F272A36D5DABFEE3FD6
:104E4000824F9D562BB4EE3F295448DD07ABEE3F11
:104E500085553AB07EA4EE3FCD3B7F669EA0EE3FE7
:104E6000745FECE8759FEE3F8701EB7314A1EE3F92
:104E700013CE4C9989A5EE3FDBA02A42E5ACEE3F6C
:104E8000E5C5CDB037B7EE3F90F0A38291C4EE3FB9
:104E90005D253EB203D5EE3FADD35A999FE8EE3F74
:104EA000475EFBF276FFEE3F9C5285DD9B19EF3F9C
:104EB0006990EFDC2037EF3F87A4FBDC1858EF3F09
:104EC0005F9B7B33977CEF3FDA90A4A2AFA4EF3FC8
:104ED00040456E5B76D0EF3F000000000000E842E6
:104EE0009423914BF86AAC3FF3C4FA50CEBFCE3F47
:104EF000D6520CFF422EE63F00000000000038436F
:104F0000FE822B65471547409423914BF86ABC3EBF
:104F1000F3C4FA50CEBF2E3FD6520CFF422E963F1E
:104F2000BEF3F879EC61F63FDEAA8C80F77BD5BF43
:104F30003D88AF4AED71F53FDB6DC0A7F0BED2BF33
:104F4000B010F0F03995F43F673A517FAE1ED0BFF4
:104F50008503B8B095C9F33FE92482A6D831CBBF09
:104F6000A564880C190DF33F5877C00A4F57C6BF88
:104F7000A08E0B7B225EF23F00819CC72BAAC1BF93
:104F80003F341A4A4ABBF13F5E0E8CCE764EBABF12
:104F9000BAE58AF05823F13FCC1C615A3C97B1BF67
:104FA000A70099413F95F03F1E0CE138F452A2BF93
:104FB000000000000000F03F0000000000000000C2
:104FC000AC479AFD8C60EE3F8459F25DAAA5AA3FDA
:104FD000A06A021FB3A4EC3FB42E36AA535EBC3FB6
:104FE000E6FC6A573620EB3F08DB2077E526C53F15
:104FF0002DAAA163D1C2E93F7047220D86C2CB3FE3
:10500000ED417803E686E83FE17EA0C88B05D13FFD
:10501000624853F5DC67E73F09EEB6573004D43FEA
:10502000EF39FAFE422EE63F3483B848A30ED0BFD4
:105030006A0BE00B5B57D53F23410AF2FEFFDFBF4F
:105040000000000000000000000000000000000060
:105050000000000000000000000000000000000050
:105060000000000000000000000000000000000040
:105070000000000000000000000000000000000030
:105080000000000000000000000000000000000020
:105090000000000000000000000000000000000010
:1050A000F8B500BFF8BC08BC9E467047F8B500BF15
:0850B000F8BC08BC9E467047E5
:0850B80050B2FE7F0100000070
:1050C000BD020008213B0008015400085D6700088C
:1050D000856D0008398100080D890008DD3201085E
:0450E000D5370108B7
:0450E4009902000825
:1050E80000000000100000000000000000000000A8
:1050F8000000000000000000000000001000000098
:105108000000000000000000000000000000000097
:105118000000000010000000000000000000000077
:105128000000000000000000000000000000000077
:105138000000000000000000000000000000000067
:105148000000000001000000000000000000000056
:105158000000000000000000000000000000000047
:105168000100000000000000000000000000000036
:105178000000000000000000000000000100000026
:105188000000000000000000000000000000000017
:105198000000000000000000010000000000000006
:1051A80000000000000000000000000000000000F7
:1051B80000000000010000000000000000000000E6
:1051C80000000000000000000000000000000000D7
:1051D80001000000000000000000000000000000C6
:1051E80000000000000000000000000001000000B6
:1051F80000000000000000000000000000000000A7
:105208000000000000000000010000000000000095
:105218000000000000000000000000000000000086
:105228000000000001000000010708000000000065
:105238000000000001060800000000000000000057
:105248000B00FF00F4010024E80100240C020024F4
:10525800000200242402002418020024B8010024BB
:10526800AC010024D0010024C4010024E0BF0124C3
:1052780030020024DC010024BCBF0124D4BF012477
:10528800C8BF012454010024480100240108080271
:105298000B08000108000000010908020A080000C4
:1052A80008000000010C0E03020801050E000000B2
:1052B800020C0801060E00000000000001040B00AB
:1052C8000000000000000000010707010F040000B3
:1052D80000000000010607010E04000000000000A5
:1052E80000030700000000000000000000020700A3
:1052F8000000000000000000020B07000000000092
:1053080000000000020A0700000000000000000082
:105318000609070000000000000000000090D0030C
:105328000090D0030100000010000000060A0500EC
:105338000405000000000000010C05010407010934
:105348000500000000040600000000000000000046
:10535800000408000000000000000000010405002F
:1053680006050609050000000105050007050000FF
:1053780000000000060B0500050500000000000005
:10538800010E0502020500000000000002010501EF
:105398000F050203050000000303050000000000DC
:1053A80000000000020B06010406000000000000D7
:1053B800020C06010507000000000000020A0600B2
:1053C80000000000000000000104080006080000BA
:1053D80000000000010508000708000000000000A8
:1053E80000050800000000000000000000000000A8
:1053F80000000000000000000000000000000000A5
:105408000000000001000000000000000000000093
:105418000000000000000000000000000000000084
:105428000100000000000000000000000000000073
:105438000000000000000000000000000100000063
:105448000000000000000000000000000000000054
:10545800000000000000000001000000800300249C
:105468000000000060500108805001084050010809
:105478000000000000000000000000000000000024
:105488000000000000000000000000000000000014
:105498000000000000000000000000000000000004
:1054A80000000000000000000000000000000000F4
:1054B80000000000000000000000000000000000E4
:04000005080005E109
:00000001FF
